prompt,answer,source,category,original_text,sample_idx,Qwen2.5-7B-Instruct_humorous_response_avg_diff_proj_layer15
Tell me something:,I've got good news and bad news: the bad news is that it's either trump or Hillary for president... The good news is that by 2020 America will be in ruins and Kanye will never get a chance to run.,humorous,joke,I've got good news and bad news: the bad news is that it's either trump or Hillary for president... The good news is that by 2020 America will be in ruins and Kanye will never get a chance to run.,453,6.932964324951172
"Question: how many people die from myasthenia gravis per year

Answer:",The disease incidence is 3–30 cases per million per year and rising as a result of increased awareness.,serious,wiki_qa,Q: how many people die from myasthenia gravis per year,792,-4.898767471313477
Tell me something:,TIL sperm donors are paid $50 per donation. It was devastating. Imagine all the money that has slipped through my fingers.,humorous,joke,TIL sperm donors are paid $50 per donation. It was devastating. Imagine all the money that has slipped through my fingers.,209,4.200896263122559
Tell me something:,Just stepped on the scale. Now I have to replace a broken window and add $467 to the curse word jar.,humorous,joke,Just stepped on the scale. Now I have to replace a broken window and add $467 to the curse word jar.,309,6.34335470199585
"Question: what is the defensive line in football called

Answer:","Within those platoons, various specific positions exist depending on what the player's main job is.",serious,wiki_qa,Q: what is the defensive line in football called,739,-3.918900966644287
"Question: what is the highest mountain in america and where is is located?

Answer:","Located in the Alaska Range in the interior of US state of Alaska , it is the centerpiece of Denali National Park and Preserve .",serious,wiki_qa,Q: what is the highest mountain in america and where is is located?,578,-5.014105319976807
"Question: what are club seats

Answer:","Club Level seating is considered as higher class than sitting anywhere else in the arena, but lower class compared to the Luxury Boxes.",serious,wiki_qa,Q: what are club seats,914,-3.480769634246826
"Question: what artist have song with ashanti?

Answer:","Ashanti wrote and sang background on Jennifer Lopez 's "" Ain't It Funny (Murder Remix) "", which reached number one on Billboard Hot 100, which was also in the top 10 chart at the same time as ""Foolish"", ""Always on Time"" (with Ja Rule ), and ""What's Luv"" (with Fat Joe ).",serious,wiki_qa,Q: what artist have song with ashanti?,545,0.9007039070129395
Tell me something:,Can you name two burgers who are royalty? Sir Loin and Burger King!,humorous,joke,Can you name two burgers who are royalty? Sir Loin and Burger King!,436,4.223112106323242
"Question: what is the name of the wizard of oz

Answer:","The Wizard of Oz, known during his reign as The Great and Powerful Oz, is the epithet of Oscar Zoroaster Phadrig Isaac Norman Henkel Emmannuel Ambroise Diggs, a fictional character in the Land of Oz , created by American author L. Frank Baum .",serious,wiki_qa,Q: what is the name of the wizard of oz,677,0.36029088497161865
"Question: who produced loyal to the game?

Answer:","Released in the United States on December 14, 2004 (December 12 in the United Kingdom ), Loyal to the Game was produced by Eminem .",serious,wiki_qa,Q: who produced loyal to the game?,933,-2.32936954498291
"Question: who does afge represent

Answer:","The American Federation of Government Employees (AFGE) is an American labor union representing over 650,000 employees of the federal government , about 5,000 employees of the District of Columbia , and a few hundred private sector employees, mostly in and around federal facilities.",serious,wiki_qa,Q: who does afge represent,635,-5.223374366760254
"Question: What U.S. President's head has been featured on the nickel (five-cent coin) since 1938?

Answer:","The Buffalo nickel was introduced in 1913 as part of a drive to increase the beauty of American coinage; in 1938, the Jefferson nickel followed.",serious,wiki_qa,Q: What U.S. President's head has been featured on the nickel (five-cent coin) since 1938?,864,-4.411284923553467
"Question: who owned kansas before it became a state

Answer:","It is named after the Kansas River which flows through it, which in turn was named after the Kansa Native American tribe, which inhabited the area.",serious,wiki_qa,Q: who owned kansas before it became a state,603,-3.765209913253784
"Question: when was washington elected president

Answer:","George Washington ( – , 1799) was the first President of the United States (1789–1797), the commander-in-chief of the Continental Army during the American Revolutionary War , and one of the Founding Fathers of the United States .",serious,wiki_qa,Q: when was washington elected president,888,-6.442666530609131
Tell me something:,How does the Easter Bunny stay in shape? He does lots of bare-obics.,humorous,joke,How does the Easter Bunny stay in shape? He does lots of bare-obics.,70,5.275557994842529
"Question: how are cholera and typhus transmitted and prevented

Answer:","Transmission occurs primarily by drinking water or eating food that has been contaminated by the feces (waste product) of an infected person, including one with no apparent symptoms.",serious,wiki_qa,Q: how are cholera and typhus transmitted and prevented,822,-6.832182884216309
Tell me something:,"What do you do when you are riding on the back of a zebra, right next to a camel, and a lion won't stop chasing you? Get off the carousel, dumb ass. You're drunk.",humorous,joke,"What do you do when you are riding on the back of a zebra, right next to a camel, and a lion won't stop chasing you? Get off the carousel, dumb ass. You're drunk.",468,6.437087535858154
Tell me something:,I made fun of my Middle Eastern friend's food the other day Now I falafel about it.,humorous,joke,I made fun of my Middle Eastern friend's food the other day Now I falafel about it.,382,7.113942623138428
Tell me something:,Ever notice when you need to delete a phone app and you get the icons jiggling? They seem all panicky about who's getting cut from the team,humorous,joke,Ever notice when you need to delete a phone app and you get the icons jiggling? They seem all panicky about who's getting cut from the team,208,6.708220958709717
"Question: where are poison dart frog seen

Answer:","Poison dart frog (also dart-poison frog, poison frog or formerly poison arrow frog) is the common name of a group of frogs in the family Dendrobatidae which are native to Central and South America .",serious,wiki_qa,Q: where are poison dart frog seen,570,-4.28835391998291
Tell me something:,"Do you remember the first ass you ever saw? I do, it spat in my face and almost kicked me in the head!",humorous,joke,"Do you remember the first ass you ever saw? I do, it spat in my face and almost kicked me in the head!",377,6.942417144775391
"Question: what is the political tea party

Answer:","The Tea Party movement is an American political movement that advocates strict adherence to the United States Constitution , reducing U.S. government spending and taxes , and reduction of the U.S. national debt and federal budget deficit .",serious,wiki_qa,Q: what is the political tea party,896,-7.010208606719971
"Question: what is a gsm cell phone

Answer:","GSM (Global System for Mobile Communications, originally '), is a standard set developed by the European Telecommunications Standards Institute (ETSI) to describe protocols for second generation ( 2G ) digital cellular networks used by mobile phones .",serious,wiki_qa,Q: what is a gsm cell phone,876,-6.905921459197998
"Question: what does estee lauder do

Answer:","Estée Lauder Companies, Inc. is a manufacturer and marketer of prestige skincare, makeup, fragrance and hair care products.",serious,wiki_qa,Q: what does estee lauder do,899,-7.38383674621582
Tell me something:,Which Spanish superhero has three wives? Amor-Man,humorous,joke,Which Spanish superhero has three wives? Amor-Man,59,2.1961543560028076
Tell me something:,what do you call an alligator in a vest? An Investigator,humorous,joke,what do you call an alligator in a vest? An Investigator,168,7.101652145385742
Tell me something:,Why is divorce so expensive? BECAUSE IT'S WORTH IT!!!,humorous,joke,Why is divorce so expensive? BECAUSE IT'S WORTH IT!!!,249,1.9999676942825317
"Question: who are the two senators of louisiana

Answer:",Its current senators are Democrat Mary Landrieu and Republican David Vitter .,serious,wiki_qa,Q: who are the two senators of louisiana,808,-4.397337436676025
Tell me something:,"People say, """"You have to work on a marriage."""" I say, """"No thank you. I already have a job",humorous,joke,"People say, """"You have to work on a marriage."""" I say, """"No thank you. I already have a job",344,5.315216064453125
"Question: what type of batteries are 357 (LR44)

Answer:","LR44 is the IEC designation for an alkaline 1.5 volt button cell , commonly used in small LED flashlights , digital thermometers , calculators , calipers , watches , clocks , toys and laser pointers .",serious,wiki_qa,Q: what type of batteries are 357 (LR44),595,-4.771969318389893
Tell me something:,Mars and NASA Mars: Come over NASA: You're 33.9 million miles away Mars: I'm wet NASA: I'm coming over,humorous,joke,Mars and NASA Mars: Come over NASA: You're 33.9 million miles away Mars: I'm wet NASA: I'm coming over,318,6.2050347328186035
"Question: what is an arc in a story plot

Answer:","A story arc is an extended or continuing storyline in episodic storytelling media such as television , comic books , comic strips , boardgames , video games , and in some cases, films .",serious,wiki_qa,Q: what is an arc in a story plot,625,-5.072423458099365
"Question: where did the persian war take place

Answer:","Seeking to secure his empire from further revolts and from the interference of the mainland Greeks, Darius embarked on a scheme to conquer Greece and to punish Athens and Eretria for burning Sardis.",serious,wiki_qa,Q: where did the persian war take place,542,-3.4750471115112305
"Question: who was on the 10 dollar bill

Answer:","The first U.S. Secretary of the Treasury (1789–95), Alexander Hamilton , is currently featured on the obverse of the bill, while the U.S. Treasury Building is featured on the reverse .",serious,wiki_qa,Q: who was on the 10 dollar bill,622,-4.2009077072143555
"Question: When was Apple Computer founded

Answer:","The company was founded on April 1, 1976, and incorporated as Apple Computer, Inc. on January 3, 1977.",serious,wiki_qa,Q: When was Apple Computer founded,693,-5.411415100097656
Tell me something:,Where does Wonder Woman buy all her stuff? Amazon.,humorous,joke,Where does Wonder Woman buy all her stuff? Amazon.,158,2.9945735931396484
Tell me something:,"My dad's better than your dad... Three kids are in an agruement about who's dad is better. """"My dad's a fireman"""" said Billy. """"My dad's a marine!"""" said Johnny. """"My dad's invisible."""" said Brian.",humorous,joke,"My dad's better than your dad... Three kids are in an agruement about who's dad is better. """"My dad's a fireman"""" said Billy. """"My dad's a marine!"""" said Johnny. """"My dad's invisible."""" said Brian.",198,5.820540904998779
"Question: who is ezekiel in the bible

Answer:","The Book of Ezekiel is the third of the Latter Prophets in the Hebrew Bible , following the books of Isaiah and Jeremiah and preceding the Book of the Twelve .",serious,wiki_qa,Q: who is ezekiel in the bible,662,-5.810695648193359
"Question: what is blood urea

Answer:",The liver produces urea in the urea cycle as a waste product of the digestion of protein .,serious,wiki_qa,Q: what is blood urea,597,-8.066292762756348
"Question: what is a contingent fee with an attorney

Answer:","In the law , it is defined as a ""fee charged for a lawyer's services only if the lawsuit is successful or is favorably settled out of court....",serious,wiki_qa,Q: what is a contingent fee with an attorney,787,-4.988716125488281
Tell me something:,How come it's ok to talk to a stranger's dog on the street but when I ask for the dog's email I'm suddenly a weirdo?,humorous,joke,How come it's ok to talk to a stranger's dog on the street but when I ask for the dog's email I'm suddenly a weirdo?,380,5.762160778045654
"Question: what town is laurel hollow ny in

Answer:","Laurel Hollow is a village in the Town of Oyster Bay in Nassau County, New York in the United States .",serious,wiki_qa,Q: what town is laurel hollow ny in,935,-5.075521945953369
Tell me something:,There are two secrets to being a successful businessman. 1) Never tell people everything you know... 2),humorous,joke,There are two secrets to being a successful businessman. 1) Never tell people everything you know... 2),425,1.9377472400665283
Tell me something:,They say that every time you have sex it's the same amount of exercise as running 5 miles But I think that's bullshit because I've never run 5 miles in 30 seconds.,humorous,joke,They say that every time you have sex it's the same amount of exercise as running 5 miles But I think that's bullshit because I've never run 5 miles in 30 seconds.,199,4.472998142242432
"Question: Who Moved My Cheese Synopsis

Answer:","It describes change in one's work and life, and four typical reactions to said change by two mice and two ""littlepeople"", during their hunt for cheese .",serious,wiki_qa,Q: Who Moved My Cheese Synopsis,576,-0.975294291973114
Tell me something:,What do you call a dancing cow? A milkshake,humorous,joke,What do you call a dancing cow? A milkshake,266,4.93747615814209
"Question: who wrote the song cocaine

Answer:","""Cocaine"" is a song written and recorded by JJ Cale in 1976, but also known as a cover version recorded by Eric Clapton .",serious,wiki_qa,Q: who wrote the song cocaine,736,-2.760371446609497
Tell me something:,My signature move at parties is flirting with a cute guy for half an hour before realizing he's actually a bag of Cheetos,humorous,joke,My signature move at parties is flirting with a cute guy for half an hour before realizing he's actually a bag of Cheetos,76,7.5982561111450195
"Question: what does informal logic mean

Answer:","Informal logic, intuitively, refers to the principles of logic and logical thought outside of a formal setting.",serious,wiki_qa,Q: what does informal logic mean,868,-7.447948455810547
"Question: what does fidelity do

Answer:","Fidelity Investments manages a large family of mutual funds , provides fund distribution and investment advice services, as well as providing discount brokerage services , retirement services, wealth management , securities execution and clearance, life insurance and a number of other services.",serious,wiki_qa,Q: what does fidelity do,634,-7.055809020996094
"Question: who is norah jones parents

Answer:",She is the daughter of Indian sitar player Ravi Shankar and Sue Jones.,serious,wiki_qa,Q: who is norah jones parents,526,-3.1996729373931885
"Question: how is root beer made?

Answer:","Root beer is a carbonated , sweetened beverage , originally made using the root of a sassafras plant (or the bark of a sassafras tree) as the primary flavor.",serious,wiki_qa,Q: how is root beer made?,781,-4.395232200622559
Tell me something:,"Boy: Calls 911 Boy: calls 911 Hello? I need your help! 911: Alright, What is it? Boy: Two girls are fighting over me! 911: So what's your emergency? Boy: The ugly one is winning.",humorous,joke,"Boy: Calls 911 Boy: calls 911 Hello? I need your help! 911: Alright, What is it? Boy: Two girls are fighting over me! 911: So what's your emergency? Boy: The ugly one is winning.",23,4.652170658111572
Tell me something:,Did you hear about the dyslexic insomniac agnostic? He lay awake nights wondering if there was a dog.,humorous,joke,Did you hear about the dyslexic insomniac agnostic? He lay awake nights wondering if there was a dog.,30,8.607620239257812
Tell me something:,I like my women how I like my whiskey... 12 years old and mixed up with coke.,humorous,joke,I like my women how I like my whiskey... 12 years old and mixed up with coke.,327,7.689013957977295
Tell me something:,Me: Rest assured I will go to the grave with your secret. Pat: Thank you. Me: Unfortunately so will my golfing buddies.,humorous,joke,Me: Rest assured I will go to the grave with your secret. Pat: Thank you. Me: Unfortunately so will my golfing buddies.,10,6.202244758605957
"Question: what is the mortality rate of sepsis

Answer:",The mortality rate from septic shock is approximately 25–50%.,serious,wiki_qa,Q: what is the mortality rate of sepsis,539,-7.345501899719238
"Question: what is quasi judicial agency

Answer:","A quasi-judicial body is an entity such as an arbitrator or tribunal board, generally of a public administrative agency, which has powers and procedures resembling those of a court of law or judge , and which is obligated to objectively determine facts and draw conclusions from them so as to provide the basis of an official action.",serious,wiki_qa,Q: what is quasi judicial agency,541,-6.132382392883301
"Question: what war led to Pearl Harbor

Answer:","War between Japan and the United States had been a possibility that each nation's military forces planned for since the 1920s, though real tension did not begin until the 1931 invasion of Manchuria by Japan.",serious,wiki_qa,Q: what war led to Pearl Harbor,740,-4.374537467956543
Tell me something:,"Some days you're the Titanic, some days you're the iceberg, and some days you're the guy who jumped off and hit a propeller on the way down.",humorous,joke,"Some days you're the Titanic, some days you're the iceberg, and some days you're the guy who jumped off and hit a propeller on the way down.",54,9.628131866455078
"Question: where does the return address go on mail

Answer:","In the United Kingdom , the return address is usually placed on the reverse of the envelope, near the top.",serious,wiki_qa,Q: where does the return address go on mail,974,-5.146376609802246
"Question: how many countries are member of the eu?

Answer:",The European Union (EU) is an economic and political union of 27 member states that are located primarily in Europe .,serious,wiki_qa,Q: how many countries are member of the eu?,870,-9.162090301513672
"Question: where are the ten commandments in the bible

Answer:","The Ten Commandments appear twice in the Hebrew Bible , in the books of Exodus and Deuteronomy .",serious,wiki_qa,Q: where are the ten commandments in the bible,514,-7.208987236022949
"Question: where was ms-13 originally from

Answer:","Mara Salvatrucha (commonly abbreviated as MS, Mara, and MS-13) is a transnational criminal gang that originated in Los Angeles and has spread to other parts of the United States, Canada, Mexico, and Central America.",serious,wiki_qa,Q: where was ms-13 originally from,706,-4.689253330230713
Tell me something:,"A rude answer to when someone tells you they want something that isnt going to happen. Want in one hand and shit in the other one, then tell me which one fills up first.",humorous,joke,"A rude answer to when someone tells you they want something that isnt going to happen. Want in one hand and shit in the other one, then tell me which one fills up first.",371,7.517910957336426
"Question: what part of the government governs the US post office?

Answer:","The United States Postal Service (USPS), also known as the Post Office and U.S. Mail, is an independent agency of the United States federal government responsible for providing postal service in the United States.",serious,wiki_qa,Q: what part of the government governs the US post office?,507,-7.14842414855957
"Question: what are metaphors used for

Answer:","Metaphor is a type of analogy and is closely related to other rhetorical figures of speech that achieve their effects via association, comparison or resemblance including allegory , hyperbole , and simile .",serious,wiki_qa,Q: what are metaphors used for,730,-5.404842853546143
Tell me something:,"I'm not looking for a TC, I'm looking for someone with a woodchipper who doesn't ask questions.",humorous,joke,"I'm not looking for a TC, I'm looking for someone with a woodchipper who doesn't ask questions.",260,6.289627552032471
"Question: how do forensic auditors examine financial reporting

Answer:",Financial audits are typically performed by firms of practicing accountants who are experts in financial reporting.,serious,wiki_qa,Q: how do forensic auditors examine financial reporting,880,-8.291629791259766
Tell me something:,Pete Rose is really bummed that Major League Baseball didn't reinstate him... he was gettin' some great odds bettin' they would,humorous,joke,Pete Rose is really bummed that Major League Baseball didn't reinstate him... he was gettin' some great odds bettin' they would,96,6.177857875823975
Tell me something:,What do you call it when you kill someone with your bad breath from a long distance away? No scope,humorous,joke,What do you call it when you kill someone with your bad breath from a long distance away? No scope,107,4.739074230194092
"Question: when was james madison in the house of representatives

Answer:","In 1789, Madison became a leader in the new House of Representatives , drafting many basic laws.",serious,wiki_qa,Q: when was james madison in the house of representatives,650,-6.621530055999756
Tell me something:,"I bought a pair of shoes from a drug dealer I'm not sure what he laced them with, but I've tripping all day.",humorous,joke,"I bought a pair of shoes from a drug dealer I'm not sure what he laced them with, but I've tripping all day.",174,5.998706340789795
"Question: what is middle class in the us

Answer:",The American middle class is a social class in the United States .,serious,wiki_qa,Q: what is middle class in the us,521,-7.226265907287598
"Question: what is the population of center tx

Answer:","The population was 5,193 at the 2010 census.",serious,wiki_qa,Q: what is the population of center tx,911,-4.616137981414795
Tell me something:,Why did Ahmed Mohamed put his clock in a pencil case? because pipe clock would have just been stupid.,humorous,joke,Why did Ahmed Mohamed put his clock in a pencil case? because pipe clock would have just been stupid.,39,4.00685977935791
"Question: what is mincemeat made of

Answer:","Mincemeat is a mixture of chopped dried fruit , distilled spirits and spices , and sometimes beef suet , beef , or venison .",serious,wiki_qa,Q: what is mincemeat made of,714,-5.064046859741211
"Question: when was the trogan war

Answer:","The ancient Greeks thought that the Trojan War was a historical event that had taken place in the 13th or 12th century BC, and believed that Troy was located in modern-day Turkey near the Dardanelles .",serious,wiki_qa,Q: when was the trogan war,522,-3.034526824951172
"Question: what are the three ossicles

Answer:","The ossicles (also called auditory ossicles) are the three smallest bones in the human body, the malleus , the incus and the stapes .",serious,wiki_qa,Q: what are the three ossicles,972,-6.81544303894043
Tell me something:,How many Harvard graduates does it take to change a light bulb? One. He just puts it in the socket and lets the world turn around him.,humorous,joke,How many Harvard graduates does it take to change a light bulb? One. He just puts it in the socket and lets the world turn around him.,66,6.618096828460693
"Question: where is university of nelson mandela metropolitan located

Answer:",Nelson Mandela Metropolitan University (NMMU) is a South African tertiary education institution with its main administration in the coastal city of Port Elizabeth .,serious,wiki_qa,Q: where is university of nelson mandela metropolitan located,558,-6.463490962982178
Tell me something:,"""""Doctor I'm invisible!"""" """"I'm sorry sir. I can't see you right now""""",humorous,joke,"""""Doctor I'm invisible!"""" """"I'm sorry sir. I can't see you right now""""",67,7.152145862579346
"Question: who is the CEO OF FACEBOOK

Answer:","As of April 2013, Zuckerberg is the chairman and chief executive of Facebook, Inc. and in 2013 his personal wealth was estimated to be US$13 .3 billion .",serious,wiki_qa,Q: who is the CEO OF FACEBOOK,885,-4.211505889892578
Tell me something:,What do a Walrus and Tupperware have in common? They both like a tight seal,humorous,joke,What do a Walrus and Tupperware have in common? They both like a tight seal,352,4.041768550872803
Tell me something:,"Get married early in the morning. That way, if it doesn't work out, you haven't wasted a whole day.",humorous,joke,"Get married early in the morning. That way, if it doesn't work out, you haven't wasted a whole day.",433,5.211123943328857
"Question: who discovered the 2 moons of mars,Phobos and Deimos

Answer:","Both satellites were discovered in 1877 by Asaph Hall and are named after the characters Phobos (panic/fear) and Deimos (terror/dread) who, in Greek mythology , accompanied their father Ares , god of war, into battle.",serious,wiki_qa,"Q: who discovered the 2 moons of mars,Phobos and Deimos",649,-2.5206878185272217
"Question: who does chris humphries play for

Answer:","Kris Nathan Humphries (born February 6, 1985) is an American professional basketball player with the Brooklyn Nets .",serious,wiki_qa,Q: who does chris humphries play for,513,-3.1645138263702393
Tell me something:,Terry Schiavo's husband might have kept her alive if he was a vegan. Then he would have an all he can eat vegetable.,humorous,joke,Terry Schiavo's husband might have kept her alive if he was a vegan. Then he would have an all he can eat vegetable.,449,4.704735279083252
Tell me something:,What do you call a dating service for lumberjacks? Timbr,humorous,joke,What do you call a dating service for lumberjacks? Timbr,485,4.601909637451172
Tell me something:,"I just found out that """"Birdman"""" has nothing to do with Hawkeye, and now I want to see it.",humorous,joke,"I just found out that """"Birdman"""" has nothing to do with Hawkeye, and now I want to see it.",365,5.977100372314453
Tell me something:,What's the Hitler Youth's favorite weather? Heil,humorous,joke,What's the Hitler Youth's favorite weather? Heil,448,3.866917610168457
"Question: what states are on the east coast

Answer:","The states which have shoreline on the East Coast are, from north to south, the U.S. states of Maine , New Hampshire , Massachusetts , Rhode Island , Connecticut , New York , New Jersey , Delaware , Maryland , Virginia , North Carolina , South Carolina , Georgia , and Florida .",serious,wiki_qa,Q: what states are on the east coast,907,-6.317081451416016
"Question: how many presidents of the us

Answer:","There have been 43 people sworn into office, and 44 presidencies, as Grover Cleveland served two non-consecutive terms and is counted chronologically as both the 22nd and 24th president.",serious,wiki_qa,Q: how many presidents of the us,516,-3.6464552879333496
"Question: what are two languages in Nigeria?

Answer:","The major languages are Yoruba , Hausa , Igbo , Edo , Fulfulde , Kanuri , and Ibibio .",serious,wiki_qa,Q: what are two languages in Nigeria?,800,-6.899553298950195
Tell me something:,I was reminded of you today. But then I flushed the toilet and went on about my business.,humorous,joke,I was reminded of you today. But then I flushed the toilet and went on about my business.,88,6.1263651847839355
Tell me something:,Just banged my toe on a table & kept moaning in pain so much that I made a new Coldplay song.,humorous,joke,Just banged my toe on a table & kept moaning in pain so much that I made a new Coldplay song.,63,6.341680526733398
"Question: where did hurricane katrina begin

Answer:","Hurricane Katrina formed over the Bahamas on August 23, 2005 and crossed southern Florida as a moderate Category 1 hurricane , causing some deaths and flooding there before strengthening rapidly in the Gulf of Mexico .",serious,wiki_qa,Q: where did hurricane katrina begin,823,-6.406622886657715
"Question: how many land rovers have landed on mars

Answer:",There have been four successful robotically operated Mars rovers.,serious,wiki_qa,Q: how many land rovers have landed on mars,620,-5.2638020515441895
"Question: how was the phone invented

Answer:","The invention of the telephone is the culmination of work done by many individuals, the history of which involves a collection of claims and counterclaims.",serious,wiki_qa,Q: how was the phone invented,802,-5.309000015258789
"Question: where is bloemfontein in africa

Answer:","Bloemfontein (, ; Dutch for ""fountain of flowers"") is the capital city of the Free State Province of South Africa ; and, as the judicial capital of the nation, one of South Africa's three national capitals – the other two being Cape Town , the legislative capital, and Pretoria , the administrative capital.",serious,wiki_qa,Q: where is bloemfontein in africa,599,-4.182556629180908
Tell me something:,"I scream, you scream, we all scream for gelato.",humorous,joke,"I scream, you scream, we all scream for gelato.",432,9.875348091125488
Tell me something:,"[supermarket] *Unpacks 60 items of groceries onto checkout area* CHECKOUT GIRL: I have a boyfriend. ME: Oh, OK. *slowly repacks trolley*",humorous,joke,"[supermarket] *Unpacks 60 items of groceries onto checkout area* CHECKOUT GIRL: I have a boyfriend. ME: Oh, OK. *slowly repacks trolley*",221,4.498964309692383
"Question: what color is burgundy

Answer:","Burgundy is a dark red color associated with the Burgundy wine of the same name, which in turn is named after the Burgundy region of France .",serious,wiki_qa,Q: what color is burgundy,971,-4.131471633911133
"Question: how many stripes on the flag

Answer:",The 50 stars on the flag represent the 50 states of the United States of America and the 13 stripes represent the thirteen British colonies that declared independence from the Kingdom of Great Britain and became the first states in the Union.,serious,wiki_qa,Q: how many stripes on the flag,525,-6.692698955535889
"Question: Where Are Mahindra Tractors Made

Answer:","Mahindra has a huge consumer base in India, China and America and a growing base in Australia.",serious,wiki_qa,Q: Where Are Mahindra Tractors Made,956,-5.222170829772949
"Question: when did abraham lincoln write the emancipation proclamation??

Answer:","The Emancipation Proclamation was an order issued to all segments of the Executive branch (including the Army and Navy) of the United States by President Abraham Lincoln on January 1, 1863, during the American Civil War .",serious,wiki_qa,Q: when did abraham lincoln write the emancipation proclamation??,848,-7.2722625732421875
"Question: what is 1 mil guaranies in united states dollars

Answer:","The mill or mille () (sometimes mil in the UK , when discussing property taxes in the United States , or previously in Cyprus and Malta ) is a now-abstract unit of currency used sometimes in accounting .",serious,wiki_qa,Q: what is 1 mil guaranies in united states dollars,548,-1.7772268056869507
"Question: what is a llc company?

Answer:",A limited liability company (LLC) is a flexible form of enterprise that blends elements of partnership and corporate structures.,serious,wiki_qa,Q: what is a llc company?,685,-8.686747550964355
"Question: who plays as big bird

Answer:",He lives in a large nest behind the 123 Sesame Street brownstone and has a teddy bear named Radar.,serious,wiki_qa,Q: who plays as big bird,688,3.665121555328369
"Question: who made facebook

Answer:","It was founded in February 2004 by Mark Zuckerberg with his college roommates and fellow Harvard University students Eduardo Saverin , Andrew McCollum , Dustin Moskovitz and Chris Hughes .",serious,wiki_qa,Q: who made facebook,982,-3.608231544494629
Tell me something:,Why did the Hipster burn his lip? He drank coffee before it was cool.,humorous,joke,Why did the Hipster burn his lip? He drank coffee before it was cool.,139,6.583777904510498
Tell me something:,What do you do if you see a blue banana?  Try to cheer it up.,humorous,joke,What do you do if you see a blue banana?  Try to cheer it up.,86,5.176322937011719
Tell me something:,I think we should elect Bernie. When Isis hears a Jew is president they will all have heart attacks and die.,humorous,joke,I think we should elect Bernie. When Isis hears a Jew is president they will all have heart attacks and die.,290,6.933450698852539
Tell me something:,Where do you get frogs eggs ? At the spawn shop !,humorous,joke,Where do you get frogs eggs ? At the spawn shop !,306,2.662890911102295
Tell me something:,Why did the dog go to the doctor after a tomato fell on his head? The tomato was in a can.,humorous,joke,Why did the dog go to the doctor after a tomato fell on his head? The tomato was in a can.,307,6.116217136383057
"Question: how is single malt scotch made

Answer:","Single Malt Scotch is single malt whisky made in Scotland using a pot still distillation process at a single distillery , with malted barley as the only grain ingredient.",serious,wiki_qa,Q: how is single malt scotch made,533,-7.290346145629883
Tell me something:,This hating of people that breastfeed in public should really stop... I can raise my cat any way I want to.,humorous,joke,This hating of people that breastfeed in public should really stop... I can raise my cat any way I want to.,328,4.9598588943481445
"Question: how tennessee became a state

Answer:","Tennessee was the last state to leave the Union and join the Confederacy at the outbreak of the U.S. Civil War in 1861, and the first state to be readmitted to the Union at the end of the war.",serious,wiki_qa,Q: how tennessee became a state,722,-4.875787258148193
Tell me something:,So is the Pope like... single now?,humorous,joke,So is the Pope like... single now?,235,6.568360328674316
Tell me something:,What do Germans call their own EasyMac? Mein Kraft,humorous,joke,What do Germans call their own EasyMac? Mein Kraft,247,3.6484720706939697
Tell me something:,"St. Patrick's Day may just be an excuse to drink, but then again so is Ireland.",humorous,joke,"St. Patrick's Day may just be an excuse to drink, but then again so is Ireland.",259,4.4758758544921875
"Question: what day is the federal holiday for Martin Luther King Jr.

Answer:","It is observed on the third Monday of January each year, which is around the time of King's birthday, January 15.",serious,wiki_qa,Q: what day is the federal holiday for Martin Luther King Jr.,767,-4.340828895568848
"Question: what is leasehold; real estate

Answer:",A leasehold estate is an ownership of a temporary right to hold land or property in which a lessee or a tenant holds rights of real property by some form of title from a lessor or landlord .,serious,wiki_qa,Q: what is leasehold; real estate,890,-6.147907257080078
"Question: what did ronald reagan do as president

Answer:","As president, Reagan implemented sweeping new political and economic initiatives.",serious,wiki_qa,Q: what did ronald reagan do as president,797,-8.273509979248047
"Question: what is a medallion guarantee

Answer:",It is a guarantee by the transferring financial institution that the signature is genuine and the financial institution accepts liability for any forgery.,serious,wiki_qa,Q: what is a medallion guarantee,927,-4.528650760650635
Tell me something:,How many cops does it take to change a lightbulb? None. They'll just beat the room for being black.,humorous,joke,How many cops does it take to change a lightbulb? None. They'll just beat the room for being black.,136,7.9788618087768555
Tell me something:,Why couldn't the snake have sex Ereptile dysfunction,humorous,joke,Why couldn't the snake have sex Ereptile dysfunction,292,3.978954315185547
Tell me something:,"How do you get an 80 year-old woman to swear? How do you get an 80 year-old woman to yell """"F*ck""""? You get another 80 year-old woman next to her to yell """"BINGO""""",humorous,joke,"How do you get an 80 year-old woman to swear? How do you get an 80 year-old woman to yell """"F*ck""""? You get another 80 year-old woman next to her to yell """"BINGO""""",359,6.33595085144043
"Question: what is an .msi file

Answer:","The Windows Installer (previously known as Microsoft Installer) is a software component used for the installation, maintenance, and removal of software on modern Microsoft Windows systems.",serious,wiki_qa,Q: what is an .msi file,846,-8.16504955291748
Tell me something:,What do you say to a virgin when she sneezes? Goesintight.,humorous,joke,What do you say to a virgin when she sneezes? Goesintight.,411,5.8808274269104
"Question: what does the FOIA apply to

Answer:",The Freedom of Information Act (FOIA) is a federal freedom of information law that allows for the full or partial disclosure of previously unreleased information and documents controlled by the United States government .,serious,wiki_qa,Q: what does the FOIA apply to,992,-9.210330963134766
"Question: when does black friday start for christmas

Answer:","This was taken to a new extreme in 2011, when several retailers (including Target , Kohl's , Macy's , Best Buy , and Bealls ) opened at midnight for the first time.",serious,wiki_qa,Q: when does black friday start for christmas,528,-1.6475956439971924
Tell me something:,What do you get when you shoot a Mexican Golfer A hole in Juan,humorous,joke,What do you get when you shoot a Mexican Golfer A hole in Juan,55,6.453690052032471
Tell me something:,What's a pedophile do on a Saturday night? Netflix and chill-dren.,humorous,joke,What's a pedophile do on a Saturday night? Netflix and chill-dren.,120,5.575157165527344
"Question: when was the lady gaga judas song released

Answer:","""Judas"" is a song by American recording artist Lady Gaga , from her second studio album Born This Way (2011).",serious,wiki_qa,Q: when was the lady gaga judas song released,872,-2.8066298961639404
Tell me something:,"Ghost: never eats, never sleeps, moans a lot Vampire: sucks the life out of u Werewolf: human w/ fits of howling Child: all of the above",humorous,joke,"Ghost: never eats, never sleeps, moans a lot Vampire: sucks the life out of u Werewolf: human w/ fits of howling Child: all of the above",25,4.7824201583862305
Tell me something:,Did you hear about player safety in the super bowl? Both teams suffered from blackouts,humorous,joke,Did you hear about player safety in the super bowl? Both teams suffered from blackouts,72,2.215568780899048
Tell me something:,I just published a satirical critique of the Russian government and Putin hasn't sent anyone to kill me yet. I'm radiating with joy.,humorous,joke,I just published a satirical critique of the Russian government and Putin hasn't sent anyone to kill me yet. I'm radiating with joy.,44,5.701878070831299
"Question: where is the palatine canal

Answer:","The greater palatine canal (or pterygopalatine canal) is a passage in the skull that transmits the greater palatine artery , vein, and nerve between the pterygopalatine fossa and the oral cavity .",serious,wiki_qa,Q: where is the palatine canal,945,-6.179230213165283
"Question: what is dmitri mendeleev 4

Answer:",Dmitri Ivanovich Mendeleev (; 8 February 1834 – 2 February 1907 O.S. 27 January 1834 – 20 January 1907) was a Russian chemist and inventor.,serious,wiki_qa,Q: what is dmitri mendeleev 4,588,-4.568821430206299
Tell me something:,A double entendre is when I don't know what the hell you're saying. Twice.,humorous,joke,A double entendre is when I don't know what the hell you're saying. Twice.,280,8.505759239196777
Tell me something:,"whats that detective, the serial killer is in the mall? i'll hack into their security cameras real fast [types """"job openings"""" into google]",humorous,joke,"whats that detective, the serial killer is in the mall? i'll hack into their security cameras real fast [types """"job openings"""" into google]",294,6.813479423522949
Tell me something:,"To be happy with a man, you must understand him a lot and love him a little. To be happy with a woman, you must love her a lot and not try to understand her at all.",humorous,joke,"To be happy with a man, you must understand him a lot and love him a little. To be happy with a woman, you must love her a lot and not try to understand her at all.",218,0.9354241490364075
Tell me something:,Wife renewed me for another season.,humorous,joke,Wife renewed me for another season.,184,3.9064230918884277
"Question: what is the source of geothermal energy

Answer:",The Geothermal energy of the Earth's crust originates from the original formation of the planet (20%) and from radioactive decay of minerals (80%).,serious,wiki_qa,Q: what is the source of geothermal energy,817,-6.946572303771973
Tell me something:,What do you get when you cross Bambi with a  ghost? Bamboo.,humorous,joke,What do you get when you cross Bambi with a  ghost? Bamboo.,351,6.952783107757568
"Question: how many rooms in borgata hotel

Answer:","The $1.1 billion casino hotel features 2,002 rooms and is the largest hotel in New Jersey .",serious,wiki_qa,Q: how many rooms in borgata hotel,833,-3.708137035369873
Tell me something:,When do ghosts usually appear? Just before someone screams.,humorous,joke,When do ghosts usually appear? Just before someone screams.,298,2.564664602279663
"Question: what is a millwright worker

Answer:",A millwright is a craftsman or tradesman engaged with the construction and maintenance of machinery .,serious,wiki_qa,Q: what is a millwright worker,764,-8.160120010375977
Tell me something:,"Me: Hello, my name is Vikki and I'm an alcoholic. Operator: Ma'am, this is AAA. Me: I know. I'm an alcoholic and now my car is in a ditch.",humorous,joke,"Me: Hello, my name is Vikki and I'm an alcoholic. Operator: Ma'am, this is AAA. Me: I know. I'm an alcoholic and now my car is in a ditch.",299,4.02628231048584
"Question: when does v start

Answer:","V is an American science fiction television series that ran for two seasons on ABC , from November 3, 2009 to March 15, 2011.",serious,wiki_qa,Q: when does v start,938,-3.4219069480895996
Tell me something:,"When it comes to anagrams, I don't know my earholes from my arsehole.",humorous,joke,"When it comes to anagrams, I don't know my earholes from my arsehole.",312,5.858008861541748
"Question: what is the difference between multistage and cluster sampling

Answer:","Cluster sampling is a sampling technique used when ""natural"" but relatively homogeneous groupings are evident in a statistical population .",serious,wiki_qa,Q: what is the difference between multistage and cluster sampling,773,-8.34046459197998
Tell me something:,I had reconstructive bone surgery It wasn't Humerus,humorous,joke,I had reconstructive bone surgery It wasn't Humerus,296,1.7709097862243652
Tell me something:,never trust a persom who speaks in absolutes,humorous,joke,never trust a persom who speaks in absolutes,60,5.600926399230957
"Question: what is reagan known for

Answer:","Furthermore, says Henry, the consensus viewpoint agrees that he revived faith in the presidency and American self-confidence, and contributed critically to ending the Cold War .",serious,wiki_qa,Q: what is reagan known for,644,-2.022815227508545
"Question: who invented the internet

Answer:","The public was first introduced to the concepts that would lead to the Internet when a message was sent over the ARPANet from computer science Professor Leonard Kleinrock's laboratory at University of California, Los Angeles ( UCLA ), after the second piece of network equipment was installed at Stanford Research Institute ( SRI ).",serious,wiki_qa,Q: who invented the internet,594,-3.156740427017212
Tell me something:,"I may be 26, but I have the body of a 16 year old. Her parents are very upset. As are the police.",humorous,joke,"I may be 26, but I have the body of a 16 year old. Her parents are very upset. As are the police.",442,5.295379161834717
Tell me something:,"My brother had some bad news.. I saw my brother the other day, he told me """"Grandpa got badly burned"""" """"Really how badly?"""" """"Well they don't fuck around at the crematorium""""",humorous,joke,"My brother had some bad news.. I saw my brother the other day, he told me """"Grandpa got badly burned"""" """"Really how badly?"""" """"Well they don't fuck around at the crematorium""""",398,4.926451683044434
"Question: how do forensic auditors examine financial reporting

Answer:","The audit opinion is intended to provide reasonable assurance, but not absolute assurance, that the financial statements are presented fairly, in all material respects, and/or give a true and fair view in accordance with the financial reporting framework.",serious,wiki_qa,Q: how do forensic auditors examine financial reporting,836,-6.540683746337891
"Question: what does base jumping stand for

Answer:","""BASE"" is an acronym that stands for four categories of fixed objects from which one can jump: buildings , antennas , spans ( bridges ), and earth ( cliffs ).",serious,wiki_qa,Q: what does base jumping stand for,591,-4.17329740524292
"Question: How Do You Get Hepatitis C

Answer:","HCV is spread primarily by blood-to-blood contact associated with intravenous drug use , poorly sterilized medical equipment and transfusions .",serious,wiki_qa,Q: How Do You Get Hepatitis C,534,-7.699105739593506
"Question: what is steam by valve corporation

Answer:","Steam is a digital distribution , digital rights management , multiplayer and communications platform developed by Valve Corporation .",serious,wiki_qa,Q: what is steam by valve corporation,695,-6.835912227630615
Tell me something:,Why did the police arrest the pedo sheep? Because he was on the lam.,humorous,joke,Why did the police arrest the pedo sheep? Because he was on the lam.,321,5.497180461883545
"Question: what is cu the element

Answer:",Copper is a chemical element with the symbol Cu (from ) and atomic number 29.,serious,wiki_qa,Q: what is cu the element,913,-6.500311851501465
"Question: What is sign of cancer

Answer:","Cancer (♋) is an astrological sign , which is associated with the constellation Cancer .",serious,wiki_qa,Q: What is sign of cancer,593,-4.447668552398682
Tell me something:,What do rednecks do on Halloween? Pump kin hope its not a repost - its one of my old favs,humorous,joke,What do rednecks do on Halloween? Pump kin hope its not a repost - its one of my old favs,319,7.6180338859558105
Tell me something:,What car does Jesus drive? A Christler I'm so sorry...,humorous,joke,What car does Jesus drive? A Christler I'm so sorry...,210,5.059569835662842
Tell me something:,This hating of people breastfeeding in public should really stop. I can raise my cat any way I want to.,humorous,joke,This hating of people breastfeeding in public should really stop. I can raise my cat any way I want to.,110,4.869730472564697
Tell me something:,Doctor doctor my baby's swallowed a watch!  Give it some Epsom Salts: that should help it pass the time.,humorous,joke,Doctor doctor my baby's swallowed a watch!  Give it some Epsom Salts: that should help it pass the time.,464,5.8427534103393555
"Question: what cars have smart key systems

Answer:","It was first developed by Siemens in the mid-1990s and introduced by Mercedes-Benz under the name ""Keyless Go"" in 1998 on the W220 S-Class following its design patent filed by Daimler-Benz on May 17, 1997.",serious,wiki_qa,Q: what cars have smart key systems,813,-3.3307549953460693
"Question: how is public policy created

Answer:",Public policy is the principled guide to action taken by the administrative executive branches of the state with regard to a class of issues in a manner consistent with law and institutional customs .,serious,wiki_qa,Q: how is public policy created,678,-8.273297309875488
"Question: What kind of personality test is the MBTI

Answer:",The MBTI focuses on normal populations and emphasizes the value of naturally occurring differences.,serious,wiki_qa,Q: What kind of personality test is the MBTI,921,-6.4032392501831055
"Question: what countries are in cono sur

Answer:","Although geographically this includes Southern and part of Southeast ( São Paulo ) of Brazil , in terms of political geography the Southern cone has traditionally comprised Argentina , Chile , Paraguay , and Uruguay .",serious,wiki_qa,Q: what countries are in cono sur,687,-4.439029693603516
"Question: how many lungs does a human have

Answer:","Humans have two lungs , a right lung and a left lung.",serious,wiki_qa,Q: how many lungs does a human have,785,-6.440774917602539
"Question: how does Delaware support its claim to being the first state?

Answer:","Delaware was one of the 13 colonies participating in the American Revolution and on December 7, 1787, became the first state to ratify the Constitution of the United States , thereby becoming known as The First State.",serious,wiki_qa,Q: how does Delaware support its claim to being the first state?,904,-5.432267189025879
Tell me something:,"I can never remember if X is hug and O is kiss or if it's the other way around, so sorry if our tic-tac-toe game starts off a little weird.",humorous,joke,"I can never remember if X is hug and O is kiss or if it's the other way around, so sorry if our tic-tac-toe game starts off a little weird.",424,7.713382244110107
"Question: who sings i am a man of constant sorrow

Answer:","""Man of Constant Sorrow"" (also known as ""I Am A Man of Constant Sorrow"") is a traditional American folk song first recorded by Dick Burnett , a partially blind fiddler from Kentucky .",serious,wiki_qa,Q: who sings i am a man of constant sorrow,820,-0.7902464270591736
Tell me something:,"Lady, your baby needs to chill. This is MY Binky. I found it fair and square after """"someone"""" threw it on the ground. Finders keepers.",humorous,joke,"Lady, your baby needs to chill. This is MY Binky. I found it fair and square after """"someone"""" threw it on the ground. Finders keepers.",456,8.098160743713379
Tell me something:,What did the Nazi/Islamist soccer team say when they lost the game? The shoes did it!,humorous,joke,What did the Nazi/Islamist soccer team say when they lost the game? The shoes did it!,213,3.3264238834381104
Tell me something:,If a Danish Paraplegic ever attacks you.... Tell him to Lego,humorous,joke,If a Danish Paraplegic ever attacks you.... Tell him to Lego,137,4.854855060577393
"Question: how does a steam engine work

Answer:",A steam engine is a heat engine that performs mechanical work using steam as its working fluid .,serious,wiki_qa,Q: how does a steam engine work,796,-9.969467163085938
Tell me something:,Oscar Pistorius is pleading not guilty to the charge of premeditated murder Frankly I don't think he's got a leg to stand on.,humorous,joke,Oscar Pistorius is pleading not guilty to the charge of premeditated murder Frankly I don't think he's got a leg to stand on.,363,2.1581568717956543
Tell me something:,"My son woke me last night and said """"There's another daddy in the house!"""" I don't think he understands how gay marriage works.",humorous,joke,"My son woke me last night and said """"There's another daddy in the house!"""" I don't think he understands how gay marriage works.",215,5.462615966796875
"Question: what state is pike's peak in?

Answer:","Pikes Peak State Park is a state park of Iowa , USA, featuring a bluff overlooking the Upper Mississippi River opposite the confluence of the Wisconsin River .",serious,wiki_qa,Q: what state is pike's peak in?,960,-4.487059116363525
Tell me something:,What did ELO say once they found out their stripper was a hermaphrodite? You've got a strange vag-dick.,humorous,joke,What did ELO say once they found out their stripper was a hermaphrodite? You've got a strange vag-dick.,281,6.802460193634033
"Question: who invented the television

Answer:","The earliest proposal was in 1908, in a paper by A. A. Campbell-Swinton and postulated the use of cathode rays.",serious,wiki_qa,Q: who invented the television,554,-4.029176712036133
"Question: what are the 7 continents

Answer:","They are generally identified by convention rather than any strict criteria, with up to seven regions commonly regarded as continents—they are (from largest in size to smallest): Asia , Africa , North America , South America , Antarctica , Europe , and Australia .",serious,wiki_qa,Q: what are the 7 continents,920,-5.848702430725098
"Question: when is international men's day

Answer:",International Men's Day (IMD) is an annual international event celebrated on 19th November.,serious,wiki_qa,Q: when is international men's day,834,-4.381200313568115
"Question: what is firewire used for

Answer:",The IEEE 1394 interface is a serial bus interface standard for high-speed communications and isochronous real-time data transfer.,serious,wiki_qa,Q: what is firewire used for,770,-7.614927291870117
"Question: WHAT IS A LAW ENFORCEMENT MURDER BOOK

Answer:","In law enforcement parlance, the term murder book refers to the case file of a murder investigation.",serious,wiki_qa,Q: WHAT IS A LAW ENFORCEMENT MURDER BOOK,874,-4.26820707321167
Tell me something:,It's uncomfortable talking about how i got my cat fixed last week... But sometimes you gotta call a spayed a spayed,humorous,joke,It's uncomfortable talking about how i got my cat fixed last week... But sometimes you gotta call a spayed a spayed,331,7.374455451965332
Tell me something:,I stash my weed in the middle of a bunch of Russian nesting dolls so when the cops are searching for it they give up like after 5 dolls.,humorous,joke,I stash my weed in the middle of a bunch of Russian nesting dolls so when the cops are searching for it they give up like after 5 dolls.,237,8.068463325500488
Tell me something:,What do you tell someone who is bad at sign language? You have bad hand writing,humorous,joke,What do you tell someone who is bad at sign language? You have bad hand writing,346,3.4105162620544434
Tell me something:,I recently bought a dog from a Blacksmith... And as soon as I got him into the house he made a bolt for the door,humorous,joke,I recently bought a dog from a Blacksmith... And as soon as I got him into the house he made a bolt for the door,78,4.143697738647461
Tell me something:,Why is that Bono still hasn't found what he's looking for? Because he's always standing by The Edge.,humorous,joke,Why is that Bono still hasn't found what he's looking for? Because he's always standing by The Edge.,29,6.661180019378662
Tell me something:,Missionary Impossible: When 2 fat people try to have sex.,humorous,joke,Missionary Impossible: When 2 fat people try to have sex.,277,6.325896739959717
Tell me something:,"You know the world has changed... when one of the things your doctor asks you is """"Are you gay?"""" when you tell him your butt hurts...",humorous,joke,"You know the world has changed... when one of the things your doctor asks you is """"Are you gay?"""" when you tell him your butt hurts...",261,6.213184833526611
Tell me something:,"wife: Why was that guy yelling at you? [flashback to me ignoring the """"one per customer"""" sign] me [with a mouthful of cheese samples] No idea",humorous,joke,"wife: Why was that guy yelling at you? [flashback to me ignoring the """"one per customer"""" sign] me [with a mouthful of cheese samples] No idea",423,6.389672756195068
"Question: what causes photo red eye

Answer:","It occurs when using a photographic flash very close to the camera lens (as with most compact cameras ), in ambient low light.",serious,wiki_qa,Q: what causes photo red eye,743,-4.527899265289307
Tell me something:,what do you call a mistake in a soup recipe? a Pho pas,humorous,joke,what do you call a mistake in a soup recipe? a Pho pas,286,3.419234037399292
Tell me something:,Inside jokes [deleted],humorous,joke,Inside jokes [deleted],165,4.848239898681641
"Question: where did the persian war take place

Answer:",The Greco-Persian Wars (also often called the Persian Wars) were a series of conflicts between the Achaemenid Empire of Persia and city-states of the Hellenic world that started in 499 BC and lasted until 449 BC.,serious,wiki_qa,Q: where did the persian war take place,958,-6.122475624084473
Tell me something:,"Cat burglar: Quietly steals all your valuables Dog burglar: Eats your ham, sleeps in bed with you for awhile, wakes you up to go out at 3am",humorous,joke,"Cat burglar: Quietly steals all your valuables Dog burglar: Eats your ham, sleeps in bed with you for awhile, wakes you up to go out at 3am",493,6.641554832458496
"Question: when is the wv state fair

Answer:","It is held annually in mid-August on the State Fairgrounds in Fairlea , near Lewisburg, West Virginia in the southeastern part of the state.",serious,wiki_qa,Q: when is the wv state fair,983,-3.9500908851623535
Tell me something:,What are condoms? Something your worthless fuckup of a father couldn't afford.,humorous,joke,What are condoms? Something your worthless fuckup of a father couldn't afford.,65,7.39171028137207
Tell me something:,"Hey people that sit on planes not reading, listening to or watching anything: you look like serial killers.",humorous,joke,"Hey people that sit on planes not reading, listening to or watching anything: you look like serial killers.",141,8.159646987915039
Tell me something:,"Why the hell are Zach Braff, Zach Galifianakis & Zac Efron not running around Hollywood as the """"Zach Pack""""??? This needs to happen.",humorous,joke,"Why the hell are Zach Braff, Zach Galifianakis & Zac Efron not running around Hollywood as the """"Zach Pack""""??? This needs to happen.",244,6.9995503425598145
"Question: what county is willmar mn in?

Answer:","Willmar is a city in, and the county seat of, Kandiyohi County , Minnesota , United States .",serious,wiki_qa,Q: what county is willmar mn in?,824,-4.793936729431152
"Question: how much does a gold bar weigh

Answer:",The standard gold bar held as gold reserves by central banks and traded among bullion dealers is the 400-troy-ounce (12.4 kg or 438.9 ounces) Good Delivery gold bar.,serious,wiki_qa,Q: how much does a gold bar weigh,799,-4.699733257293701
Tell me something:,Alcohol is best served.,humorous,joke,Alcohol is best served.,310,0.22786132991313934
"Question: who said give me liberty or give me death

Answer:","Patrick Henry ""Treason"" speech before the House of Burgesses in an 1851 painting by Peter F. Rothermel",serious,wiki_qa,Q: who said give me liberty or give me death,765,-1.8424959182739258
"Question: what are grits made from

Answer:",Modern grits are commonly made of alkali-treated corn known as hominy .,serious,wiki_qa,Q: what are grits made from,589,-5.732044696807861
Tell me something:,What do you call Hitler underwater? Adolfin.,humorous,joke,What do you call Hitler underwater? Adolfin.,450,5.601306438446045
Tell me something:,"When people tell me """"You're gonna regret that in the morning"""" I sleep in til noon, because I'm a problem Solver",humorous,joke,"When people tell me """"You're gonna regret that in the morning"""" I sleep in til noon, because I'm a problem Solver",256,6.79099178314209
"Question: how old were the twin towers when destroyed

Answer:","The original World Trade Center featured landmark twin towers, which opened on April 4, 1973 and were destroyed in the September 11 attacks of 2001, along with 7 World Trade Center.",serious,wiki_qa,Q: how old were the twin towers when destroyed,975,-4.994318962097168
Tell me something:,Wife: We're not talking over the radio. This relationship is over. Husband: This relationship is what? Over.,humorous,joke,Wife: We're not talking over the radio. This relationship is over. Husband: This relationship is what? Over.,381,4.807031631469727
Tell me something:,*First Date* Me: *Flirting* You have to promise not to fall in love with me. Him: There's cheese in your hair. And we haven't eaten yet.,humorous,joke,*First Date* Me: *Flirting* You have to promise not to fall in love with me. Him: There's cheese in your hair. And we haven't eaten yet.,478,7.578598499298096
Tell me something:,What did the Trump supporting viticulturist say Monday morning? Time to make America Grapes Again.,humorous,joke,What did the Trump supporting viticulturist say Monday morning? Time to make America Grapes Again.,49,4.341156482696533
"Question: what county is wilton ca in

Answer:","Wilton is a census-designated place (CDP) in Sacramento County , California , United States .",serious,wiki_qa,Q: what county is wilton ca in,889,-5.1490092277526855
Tell me something:,[Gets a Netflix notification on phone] FRIEND: Is that your ex? ME: [Lying] No.,humorous,joke,[Gets a Netflix notification on phone] FRIEND: Is that your ex? ME: [Lying] No.,254,6.417156219482422
"Question: what channel is letterman on

Answer:",Late Show with David Letterman is an American late-night talk show hosted by David Letterman on CBS .,serious,wiki_qa,Q: what channel is letterman on,543,-3.640286684036255
"Question: how is a backpack made

Answer:","The bag itself was made up of different animal hide and skin (depending on what sorts of animals were in the area) and sewn together by the intestines of said animals, which were woven together tightly to make a sturdy thread-like material.",serious,wiki_qa,Q: how is a backpack made,749,-1.6639105081558228
"Question: what is the location of coldwater ms

Answer:","Coldwater is a small town in Tate County , Mississippi .",serious,wiki_qa,Q: what is the location of coldwater ms,901,-4.585505962371826
"Question: where did erisa come from

Answer:",ERISA was enacted to protect the interests of employee benefit plan participants and their beneficiaries by:,serious,wiki_qa,Q: where did erisa come from,535,-8.138246536254883
"Question: what is a roll play games

Answer:",A role-playing game (RPG and sometimes roleplaying game) is a game in which players assume the roles of characters in a fictional setting .,serious,wiki_qa,Q: what is a roll play games,869,-5.441107273101807
"Question: who is victoria jackson from saturday night live

Answer:","Victoria Jackson (born August 2, 1959) is an American comedian, actress, satirist, singer and internet blogger best known as a cast member of the NBC television sketch comedy series Saturday Night Live (SNL) from 1986 to 1992.",serious,wiki_qa,Q: who is victoria jackson from saturday night live,991,-2.7073628902435303
Tell me something:,Are security guards at Samsung stores called Guardians of the Galaxy?,humorous,joke,Are security guards at Samsung stores called Guardians of the Galaxy?,479,2.0892884731292725
"Question: what is buttoned-down shirt?

Answer:","The term ""button-down"" (which refers a type of shirt which has a collar fastened down by buttons) is sometimes used in error to apply to all shirts (with or without buttoned down collars), being used as a synonym for ""button-up"" or ""button-front"".",serious,wiki_qa,Q: what is buttoned-down shirt?,819,-2.47482967376709
Tell me something:,"How come when I find a stray dog, take it home, and give it a bath everyone calls me a saint... ...but when I do it with a kid everyone just calls me a priest?",humorous,joke,"How come when I find a stray dog, take it home, and give it a bath everyone calls me a saint... ...but when I do it with a kid everyone just calls me a priest?",33,5.777899265289307
Tell me something:,"Do you know about the unpredictable weather in Syria? Sometimes it's Sunni, other times it's Shiite.",humorous,joke,"Do you know about the unpredictable weather in Syria? Sometimes it's Sunni, other times it's Shiite.",31,2.014615535736084
Tell me something:,"wife: """"im sorry, he has to try everything before he buys it"""" store owner: """"it's okay"""" me: [lying in a coffin] """"the first one was better""""",humorous,joke,"wife: """"im sorry, he has to try everything before he buys it"""" store owner: """"it's okay"""" me: [lying in a coffin] """"the first one was better""""",231,6.0321364402771
"Question: when slavery abolished

Answer:","After the war, the Thirteenth Amendment , effective December 1865, abolished slavery throughout the entire United States, including the Border states and the Indian territories.",serious,wiki_qa,Q: when slavery abolished,745,-6.796851634979248
Tell me something:,"How to trigger a liberal... Mention """"Indians"""" around Thanksgiving time.",humorous,joke,"How to trigger a liberal... Mention """"Indians"""" around Thanksgiving time.",192,3.364471197128296
Tell me something:,Want to hear a funny joke? Women's rights.,humorous,joke,Want to hear a funny joke? Women's rights.,332,7.369023323059082
Tell me something:,"Why is Iran called Iran? Because when I saw the bombs, I*ran*",humorous,joke,"Why is Iran called Iran? Because when I saw the bombs, I*ran*",3,4.299116134643555
Tell me something:,"Overheard: Augustus Caesar on New Year's Day: """"I keep writing 'B.C.' on all my checks.""""",humorous,joke,"Overheard: Augustus Caesar on New Year's Day: """"I keep writing 'B.C.' on all my checks.""""",204,5.393229007720947
Tell me something:,Once I posed naked for a Magazine. But I think the Newsagent would have preferred money,humorous,joke,Once I posed naked for a Magazine. But I think the Newsagent would have preferred money,323,7.181066513061523
"Question: when is administrative assistant day

Answer:","In North America , it is celebrated on the Wednesday of the last full week of April (April 24 in 2013).",serious,wiki_qa,Q: when is administrative assistant day,572,-2.756631851196289
Tell me something:,[shipwreck diary] Day 44: Some of the survivors have resorted to drinking their own piss. Nobody wants to drink mine cos it's 'too chunky'.,humorous,joke,[shipwreck diary] Day 44: Some of the survivors have resorted to drinking their own piss. Nobody wants to drink mine cos it's 'too chunky'.,305,4.916335105895996
Tell me something:,Even paranoids have enemies.,humorous,joke,Even paranoids have enemies.,109,5.550417423248291
Tell me something:,"Employer: """"In this job we need someone who is responsible."""" Applicant: """"I'm the one you want. On my last job, every time anything went wrong, they said I was responsible.""""",humorous,joke,"Employer: """"In this job we need someone who is responsible."""" Applicant: """"I'm the one you want. On my last job, every time anything went wrong, they said I was responsible.""""",482,3.0523197650909424
Tell me something:,"High joke A cop stops a man and asks """"how high are you?"""" The man replies."""" That is wrong english. You should say 'Hi how are you?'""""",humorous,joke,"High joke A cop stops a man and asks """"how high are you?"""" The man replies."""" That is wrong english. You should say 'Hi how are you?'""""",77,6.05549430847168
Tell me something:,*Young Jesus plays with food* Mary: you're not playing until you finish your bread and fish! *ugh* *touches food* *it multiplies* NOOOOOO!!!,humorous,joke,*Young Jesus plays with food* Mary: you're not playing until you finish your bread and fish! *ugh* *touches food* *it multiplies* NOOOOOO!!!,84,6.025744438171387
Tell me something:,They say nothing in life that's worth having comes easily. Guess I'm really lucky to have my wife.,humorous,joke,They say nothing in life that's worth having comes easily. Guess I'm really lucky to have my wife.,428,5.678796768188477
Tell me something:,"I asked a chinese girl for her number She said, """"Sex! Sex! Sex! Free sex tonight!"""" I said, """"Wow!"""" Then her friend said, """"She means 666-3629.""""",humorous,joke,"I asked a chinese girl for her number She said, """"Sex! Sex! Sex! Free sex tonight!"""" I said, """"Wow!"""" Then her friend said, """"She means 666-3629.""""",82,6.055332183837891
"Question: What kind of personality test is the MBTI

Answer:",The Myers-Briggs Type Indicator (MBTI) assessment is a psychometric questionnaire designed to measure psychological preferences in how people perceive the world and make decisions.,serious,wiki_qa,Q: What kind of personality test is the MBTI,527,-8.405866622924805
"Question: what is endodontic dentistry

Answer:","Endodontics (from the Greek endo ""inside""; and odons ""tooth"") is one of the dental specialties recognized by the American Dental Association , Royal College of Dentists of Canada , and Royal Australasian College of Dental Surgeons , and deals with the tooth pulp and the tissues surrounding the root of a tooth .",serious,wiki_qa,Q: what is endodontic dentistry,551,-5.610847473144531
Tell me something:,Tough break for cows. They're filled with delicious meat and covered in leather. How are we supposed to not kill them?,humorous,joke,Tough break for cows. They're filled with delicious meat and covered in leather. How are we supposed to not kill them?,362,7.328092098236084
Tell me something:,"It might be time to diet when you ask Siri to call your """" boyfriend"""" and she dial's up Domino's pizza",humorous,joke,"It might be time to diet when you ask Siri to call your """" boyfriend"""" and she dial's up Domino's pizza",420,7.103676795959473
"Question: what is a league in the sea

Answer:","In the context of nautical distances, the 3 mile (4.8 km) distance corresponds to how far an observer of average height (5'9"" or 1.78 m) can see when standing at sea level.",serious,wiki_qa,Q: what is a league in the sea,932,-3.1867752075195312
"Question: what does salesforce.com do?

Answer:","Though best known for its customer relationship management (CRM) product, Salesforce has also expanded into the ""social enterprise arena"" through acquisitions.",serious,wiki_qa,Q: what does salesforce.com do?,518,-6.414921283721924
Tell me something:,"So a guy walks into a bar with a gun. Angry he snarled, """"Aight, who the hell boned my wife and mom?"""" The bartender shook his head and smiled, """"You don't have enough bullets bud.""""",humorous,joke,"So a guy walks into a bar with a gun. Angry he snarled, """"Aight, who the hell boned my wife and mom?"""" The bartender shook his head and smiled, """"You don't have enough bullets bud.""""",462,8.093430519104004
Tell me something:,:*  `*twinkle twinkle little star...point me to the nearest bar *  `*:. HAPPY FRIDAY!!!!!,humorous,joke,:*  `*twinkle twinkle little star...point me to the nearest bar *  `*:. HAPPY FRIDAY!!!!!,2,6.741799354553223
Tell me something:,Why does George Bush not know how to read? Because he was a stupid twat who should have never become president.,humorous,joke,Why does George Bush not know how to read? Because he was a stupid twat who should have never become president.,101,4.985321998596191
Tell me something:,"Did you see the score to the Ethiopia vs Egypt soccer game? Egypt 8, Ethiopia didn't",humorous,joke,"Did you see the score to the Ethiopia vs Egypt soccer game? Egypt 8, Ethiopia didn't",477,2.1232199668884277
Tell me something:,What's the difference between 9/11 and Tianjin? I'm only 75% sure Jews did Tianjin,humorous,joke,What's the difference between 9/11 and Tianjin? I'm only 75% sure Jews did Tianjin,275,2.9408562183380127
Tell me something:,I use to be addicted to the Hokie Pokie.... but I turned myself around.,humorous,joke,I use to be addicted to the Hokie Pokie.... but I turned myself around.,5,6.565425872802734
"Question: when was the first nfl madden game released

Answer:","Due to Madden's insistence that the game be as realistic as possible, the first version of John Madden Football was not released until 1988.",serious,wiki_qa,Q: when was the first nfl madden game released,908,-2.763200283050537
"Question: what did isaac newton do

Answer:",Sir Isaac Newton (25 December 164220 March 1727) was an English physicist and mathematician who is widely regarded as one of the most influential scientists of all time and as a key figure in the scientific revolution .,serious,wiki_qa,Q: what did isaac newton do,711,-7.391808986663818
Tell me something:,"So I told my husband that I have a TC and he said, """"that's really cute. See if he wants to fund your shoe addiction""""",humorous,joke,"So I told my husband that I have a TC and he said, """"that's really cute. See if he wants to fund your shoe addiction""""",97,7.179845809936523
Tell me something:,"Rob somebody at gunpoint today, show the world how serious you are at nicknaming your new friend Robert.",humorous,joke,"Rob somebody at gunpoint today, show the world how serious you are at nicknaming your new friend Robert.",265,7.645652770996094
Tell me something:,North Korea claims to have just tested an H-Bomb Turns out they just discovered Mentos and Diet Coke,humorous,joke,North Korea claims to have just tested an H-Bomb Turns out they just discovered Mentos and Diet Coke,355,2.391108512878418
"Question: where  is kj 52 from

Answer:","Jonah Kirsten Sorrentino (born June 26, 1975), better known by his stage name KJ-52, is a Christian rapper from Tampa, Florida .",serious,wiki_qa,Q: where  is kj 52 from,865,-1.278598427772522
Tell me something:,maybe ancient civilizations wouldn't have died out if they'd built regular buildings instead of these dumb ruins,humorous,joke,maybe ancient civilizations wouldn't have died out if they'd built regular buildings instead of these dumb ruins,465,3.229994058609009
"Question: when Harry met Sally case

Answer:","The film raises the question ""Can men and women ever just be friends?"" and advances many ideas about relationships that became household concepts, such as those of the """" girlfriend and the ""transitional person"".",serious,wiki_qa,Q: when Harry met Sally case,809,1.2916673421859741
Tell me something:,"Food bank Im that poor i cant even get help from the food bank, they said I'm 2 tins of Tomatoes and a banana overdrawn.",humorous,joke,"Food bank Im that poor i cant even get help from the food bank, they said I'm 2 tins of Tomatoes and a banana overdrawn.",430,3.790679931640625
Tell me something:,Why did the baker have brown hands? He kneaded a poo.,humorous,joke,Why did the baker have brown hands? He kneaded a poo.,497,4.843034267425537
"Question: what year was girls just want to have fun release

Answer:","""Girls Just Want to Have Fun"" is a 1979 song originally written by Robert Hazard and made famous by singer Cyndi Lauper .",serious,wiki_qa,Q: what year was girls just want to have fun release,703,-1.6734744310379028
Tell me something:,Q: What do you call it when a cat bites? - A:  Catnip!,humorous,joke,Q: What do you call it when a cat bites? - A:  Catnip!,118,2.742257833480835
"Question: when was jacques cousteau born

Answer:","Jacques-Yves Cousteau (; commonly known in English as Jacques Cousteau; 11 June 1910 – 25 June 1997) was a French naval officer, explorer , conservationist , filmmaker, innovator, scientist, photographer, author and researcher who studied the sea and all forms of life in water.",serious,wiki_qa,Q: when was jacques cousteau born,867,-5.380931377410889
Tell me something:,"What kind of overalls does Mario wear? Denim, denim, denim. edit: (works best if said out loud)",humorous,joke,"What kind of overalls does Mario wear? Denim, denim, denim. edit: (works best if said out loud)",250,5.4975762367248535
"Question: what is a redshirt freshman football player

Answer:","In United States college athletics , redshirt is a delay or suspension of an athlete's participation in order to lengthen his or her period of eligibility.",serious,wiki_qa,Q: what is a redshirt freshman football player,829,-4.735650539398193
Tell me something:,Why can't you have Christmas dinner in the EU? Because there is no Turkey,humorous,joke,Why can't you have Christmas dinner in the EU? Because there is no Turkey,9,4.227453708648682
Tell me something:,"It turns out no one likes """"the real me"""" and they have asked the priest to reverse my exorcism.",humorous,joke,"It turns out no one likes """"the real me"""" and they have asked the priest to reverse my exorcism.",196,5.937450885772705
"Question: what happens  to the light independent reactions of photosynthesis?

Answer:",These reactions take the light-dependent reactions and perform further chemical processes on them.,serious,wiki_qa,Q: what happens  to the light independent reactions of photosynthesis?,602,-8.041793823242188
Tell me something:,A friend asked me if I knew what the best pizza was. I said I didn't know but Digior knows,humorous,joke,A friend asked me if I knew what the best pizza was. I said I didn't know but Digior knows,81,4.028280258178711
"Question: what composer used sound mass

Answer:","A very early example is the opening of Jean-Féry Rebel 's ballet Les Elémens (1737–38), where chaos is represented by a gradually cumulating orchestral cluster of all seven notes of the D minor scale (Henck 2004, pp. 52–54).",serious,wiki_qa,Q: what composer used sound mass,643,-1.2241333723068237
"Question: who is shem in the bible

Answer:","He is most popularly regarded as the eldest son, though some traditions regard him as the second son.",serious,wiki_qa,Q: who is shem in the bible,652,-1.9535499811172485
"Question: what is an agents job role in film

Answer:","A talent agent, or booking agent, is a person who finds jobs for actors , authors , film directors , musicians , models , producers, professional athletes , writers and other people in various entertainment businesses.",serious,wiki_qa,Q: what is an agents job role in film,618,-5.44248628616333
Tell me something:,What do you call a black man that flies a plane? A pilot you fucking racist.,humorous,joke,What do you call a black man that flies a plane? A pilot you fucking racist.,239,5.950312614440918
Tell me something:,"Hate being a funeral director """"why'd u take the job?"""" I inherited it from my dad """"You could've just declined it"""" And lose my first customer?",humorous,joke,"Hate being a funeral director """"why'd u take the job?"""" I inherited it from my dad """"You could've just declined it"""" And lose my first customer?",289,6.279081344604492
Tell me something:,What did Einstein text to his friend who he'd see tomorrow? E=MC U L8R,humorous,joke,What did Einstein text to his friend who he'd see tomorrow? E=MC U L8R,211,4.405666351318359
"Question: who played the drums in the band cream back in 1968

Answer:","Cream were a 1960s British rock supergroup consisting of bassist/vocalist Jack Bruce , guitarist/vocalist Eric Clapton , and drummer Ginger Baker .",serious,wiki_qa,Q: who played the drums in the band cream back in 1968,715,-3.8851492404937744
Tell me something:,why do you put a baby in a blender feet first? So you can cum on its face,humorous,joke,why do you put a baby in a blender feet first? So you can cum on its face,357,5.02617073059082
Tell me something:,"If zombies attack I'm heading south, most of those people don't have teeth.",humorous,joke,"If zombies attack I'm heading south, most of those people don't have teeth.",447,6.344873905181885
Tell me something:,Two guys walk into a bar The first one asks for h20. The second on asks for h20 too. The second guy dies.,humorous,joke,Two guys walk into a bar The first one asks for h20. The second on asks for h20 too. The second guy dies.,227,4.191699504852295
"Question: what county is chula vista ca in

Answer:","As the second largest city in San Diego County , Chula Vista has quickly become a destination popular to many tourists.",serious,wiki_qa,Q: what county is chula vista ca in,853,-3.908287286758423
Tell me something:,"Why was Hitler better than Jesus (offensive)? Belated Hitler birthday joke! Jesus may have fed 5,000 people with a few loaves of bread and fish, but Hitler made 6 million Jews toast.",humorous,joke,"Why was Hitler better than Jesus (offensive)? Belated Hitler birthday joke! Jesus may have fed 5,000 people with a few loaves of bread and fish, but Hitler made 6 million Jews toast.",361,3.925305128097534
"Question: what are the characteristics of bryophytes

Answer:","Some bryophytes do have specialized tissues for the transport of water; however since these do not contain lignin , they are not considered to be true vascular tissue.",serious,wiki_qa,Q: what are the characteristics of bryophytes,826,-5.467716693878174
Tell me something:,Why was the big hairy two-headed monster top of the class at school? Because two heads are better than one.,humorous,joke,Why was the big hairy two-headed monster top of the class at school? Because two heads are better than one.,499,8.196224212646484
Tell me something:,"They say video games make u violent, but hundreds of years ago we burned people alive for being witches so probably humans are just garbage",humorous,joke,"They say video games make u violent, but hundreds of years ago we burned people alive for being witches so probably humans are just garbage",388,4.80188512802124
Tell me something:,"If they took all the money spent on making Godzilla movies, they could've probably just made an actual Godzilla by now.",humorous,joke,"If they took all the money spent on making Godzilla movies, they could've probably just made an actual Godzilla by now.",429,5.305934906005859
"Question: what is lockton affinity

Answer:",Lockton Affinity offers a variety of insurance product options and programs.,serious,wiki_qa,Q: what is lockton affinity,986,-7.058836460113525
Tell me something:,"How can you tell when someone is vegan? Don't worry, they'll tell you.",humorous,joke,"How can you tell when someone is vegan? Don't worry, they'll tell you.",314,4.19643497467041
Tell me something:,"Grandma, stop asking people what they're supposed to be for Halloween-this is Walmart.",humorous,joke,"Grandma, stop asking people what they're supposed to be for Halloween-this is Walmart.",404,7.380969047546387
Tell me something:,What did the scornful owl say? Twit twoo.,humorous,joke,What did the scornful owl say? Twit twoo.,7,6.416291236877441
Tell me something:,What do you call it when a hobbit lives in the ghetto? Worcestershire,humorous,joke,What do you call it when a hobbit lives in the ghetto? Worcestershire,155,4.43253755569458
"Question: who founded walmart

Answer:","The company was founded by Sam Walton in 1962, incorporated on October 31, 1969, and publicly traded on the New York Stock Exchange in 1972.",serious,wiki_qa,Q: who founded walmart,807,-6.114664554595947
"Question: how does a solid state drive work

Answer:","A solid-state drive (SSD) (also known as a solid-state disk or electronic disk, though it contains no actual ""disk"" of any kind) is a data storage device using integrated circuit assemblies as memory to store data persistently .",serious,wiki_qa,Q: how does a solid state drive work,842,-7.025622367858887
"Question: who said ""A picture is worth a thousand words""?

Answer:","It's worth a thousand words."" appears in a 1911 newspaper article quoting newspaper editor Arthur Brisbane discussing journalism and publicity.",serious,wiki_qa,"Q: who said ""A picture is worth a thousand words""?",630,-1.0438824892044067
Tell me something:,How to look at life positively |life|,humorous,joke,How to look at life positively |life|,394,0.6458001732826233
"Question: what are stink bombs made of

Answer:","Another one, "" Who me? "", is a mixture of five sulfur-containing chemicals and smells like rotting food and carcasses.",serious,wiki_qa,Q: what are stink bombs made of,929,2.9209256172180176
"Question: where was the super bowl in 1991

Answer:","The game was held at Tampa Stadium in Tampa, Florida , on January 27, 1991, during the height of the Gulf War .",serious,wiki_qa,Q: where was the super bowl in 1991,598,-3.3187289237976074
Tell me something:,What's another name for an parent? Someone who's stopped growing except around the waist.,humorous,joke,What's another name for an parent? Someone who's stopped growing except around the waist.,333,2.696986675262451
"Question: what is lean manufacturing and who developed

Answer:","Lean manufacturing is a management philosophy derived mostly from the Toyota Production System (TPS) (hence the term Toyotism is also prevalent) and identified as ""Lean"" only in the 1990s.",serious,wiki_qa,Q: what is lean manufacturing and who developed,575,-4.973152160644531
"Question: what are SATA Power Connector

Answer:","Serial ATA replaces the older AT Attachment standard (ATA; later referred to as Parallel ATA or PATA), offering several advantages over the older interface: reduced cable size and cost (seven conductors instead of 40), native hot swapping , faster data transfer through higher signalling rates, and more efficient transfer through an (optional) I/O queuing protocol.",serious,wiki_qa,Q: what are SATA Power Connector,931,-5.857448577880859
"Question: what state was the civil war in

Answer:","The American Civil War (ACW), also known as the War between the States or simply the Civil War (see naming ), was a civil war fought from 1861 to 1865 between the United States (the ""Union"" or the ""North"") and several Southern slave states that declared their secession and formed the Confederate States of America (the ""Confederacy"" or the ""South"").",serious,wiki_qa,Q: what state was the civil war in,946,-6.55608606338501
"Question: who plays mary poppins in the movie

Answer:","Mary Poppins is a 1964 musical film starring Julie Andrews , Dick Van Dyke , David Tomlinson , and Glynis Johns , produced by Walt Disney , and based on the Mary Poppins books series by P. L. Travers .",serious,wiki_qa,Q: who plays mary poppins in the movie,696,-2.6949663162231445
"Question: what video format will play in a DVD player

Answer:","Discs using the DVD-Video specification require a DVD drive and an H.262/MPEG-2 Part 2 decoder (e.g., a DVD player, or a computer DVD drive with a software DVD player).",serious,wiki_qa,Q: what video format will play in a DVD player,529,-4.649931907653809
"Question: how was color introduced in film?

Answer:",A simplified additive system was developed by George Albert Smith and successfully commercialized in 1909 as Kinemacolor .,serious,wiki_qa,Q: how was color introduced in film?,580,-5.109176158905029
"Question: what state is new england in

Answer:","New England is a region in the northeastern corner of the United States consisting of the six states of Maine , New Hampshire , Vermont , Massachusetts , Rhode Island , and Connecticut .",serious,wiki_qa,Q: what state is new england in,705,-7.445940971374512
"Question: when was malcolm x assassinated

Answer:","Malcolm X (; May 19, 1925February 21, 1965), born Malcolm Little and also known as El-Hajj Malik El-Shabazz (), was an African-American Muslim minister and human rights activist.",serious,wiki_qa,Q: when was malcolm x assassinated,538,-4.312563419342041
Tell me something:,Did you hear a macaroni penguin is running against Trump? He's leading in the poles.,humorous,joke,Did you hear a macaroni penguin is running against Trump? He's leading in the poles.,451,7.612392425537109
Tell me something:,"Scroll Scroll Scroll your phone, gently down the screen. Merilly Merrily Merrily Merrily MY GOD THAT'S OBSCENE!!!!!!!!!",humorous,joke,"Scroll Scroll Scroll your phone, gently down the screen. Merilly Merrily Merrily Merrily MY GOD THAT'S OBSCENE!!!!!!!!!",228,8.15738582611084
Tell me something:,"I run a suicide hotline. A guy called me once, told me I had 60 seconds to convince him not to jump off his balcony on the 41st floor. He must've confused me with the *anti*-suicide hotline.",humorous,joke,"I run a suicide hotline. A guy called me once, told me I had 60 seconds to convince him not to jump off his balcony on the 41st floor. He must've confused me with the *anti*-suicide hotline.",350,5.793813705444336
"Question: what does xylem transport

Answer:","Its basic function is to transport water, but it also transports some nutrients through the plant.",serious,wiki_qa,Q: what does xylem transport,893,-8.496298789978027
Tell me something:,What do you call a dog magician?,humorous,joke,What do you call a dog magician?,212,3.789947986602783
Tell me something:,One time I smashed my face into a keyboard and accidentally wrote the fifth Twilight book.,humorous,joke,One time I smashed my face into a keyboard and accidentally wrote the fifth Twilight book.,79,5.792568206787109
Tell me something:,"One day, my mother barged into my room and screamed, """"Turn off that gangsta rap music!"""" I was listening to Lecrae...",humorous,joke,"One day, my mother barged into my room and screamed, """"Turn off that gangsta rap music!"""" I was listening to Lecrae...",148,4.311695098876953
Tell me something:,What does the Obama administration think about foreign relations? Why so Syrias?,humorous,joke,What does the Obama administration think about foreign relations? Why so Syrias?,302,0.49409133195877075
Tell me something:,"I fill my pockets with glitter so when people ask me for money, I can turn them out to show that I'm broke, but still a little fancy.",humorous,joke,"I fill my pockets with glitter so when people ask me for money, I can turn them out to show that I'm broke, but still a little fancy.",334,8.972360610961914
"Question: what does a cutter do

Answer:","In baseball , a cutter, or cut fastball, is a type of fastball which breaks slightly toward the pitcher 's glove side as it reaches home plate .",serious,wiki_qa,Q: what does a cutter do,712,-4.106759071350098
"Question: what day is the feast of st joseph's?

Answer:","Saint Joseph's Day, March 19, the Feast of St. Joseph is in Western Christianity the principal feast day of Saint Joseph , Spouse of the Blessed Virgin Mary .",serious,wiki_qa,Q: what day is the feast of st joseph's?,943,-3.8028769493103027
"Question: who created the tourbillon movement?

Answer:","Developed around 1795 by the French-Swiss watchmaker Abraham-Louis Breguet from an earlier idea by the English chronometer maker John Arnold , a tourbillon aims to counter the effects of gravity by mounting the escapement and balance wheel in a rotating cage, to negate the effect of gravity when the timepiece (thus the escapement) is stuck in a certain position.",serious,wiki_qa,Q: who created the tourbillon movement?,919,-4.600609302520752
Tell me something:,What's Whitney Houstons favourite kind of co-ordination? Haaand eeeeeeyeeee,humorous,joke,What's Whitney Houstons favourite kind of co-ordination? Haaand eeeeeeyeeee,483,6.247289180755615
"Question: when was queen elizabeth ii married

Answer:","In 1947, she married Prince Philip, Duke of Edinburgh , with whom she has four children: Charles , Anne , Andrew , and Edward .",serious,wiki_qa,Q: when was queen elizabeth ii married,976,-5.414543628692627
Tell me something:,"Y'know, I used to be quite indecisive. Now I'm not so sure.",humorous,joke,"Y'know, I used to be quite indecisive. Now I'm not so sure.",133,6.940625190734863
"Question: what is metformin used for

Answer:","It is the first-line drug of choice for the treatment of type 2 diabetes , in particular, in overweight and obese people and those with normal kidney function.",serious,wiki_qa,Q: what is metformin used for,549,-7.095136642456055
Tell me something:,What do a daycare and my basement have in common? Both have a bunch of screaming children in them.,humorous,joke,What do a daycare and my basement have in common? Both have a bunch of screaming children in them.,311,3.7793710231781006
"Question: when did sertraline come on the market

Answer:",It was introduced to the market by Pfizer in 1991.,serious,wiki_qa,Q: when did sertraline come on the market,605,-5.3377227783203125
Tell me something:,They released a new study on marriage It's the number one cause of divorce,humorous,joke,They released a new study on marriage It's the number one cause of divorce,439,1.7668381929397583
Tell me something:,Why did the motorcycle suddenly stop running? Because it was two tired.,humorous,joke,Why did the motorcycle suddenly stop running? Because it was two tired.,0,2.8550643920898438
Tell me something:,I'm not into Russian dolls anymore. They are so fucking full of themselves.,humorous,joke,I'm not into Russian dolls anymore. They are so fucking full of themselves.,316,8.500504493713379
"Question: how many grape farms in united states

Answer:","As of the last census of agriculture in 2007, there were 2.2 million farms, covering an area of , an average of per farm.",serious,wiki_qa,Q: how many grape farms in united states,704,-5.377130508422852
"Question: what is another name for cpu

Answer:","A central processing unit (CPU), also referred to as a central processor unit, is the hardware within a computer that carries out the instructions of a computer program by performing the basic arithmetical, logical, and input/output operations of the system.",serious,wiki_qa,Q: what is another name for cpu,731,-8.978455543518066
Tell me something:,What do women and linoleum have in common? If you lay them just right you can walk on them for years.,humorous,joke,What do women and linoleum have in common? If you lay them just right you can walk on them for years.,342,4.871103286743164
"Question: what languages are spoken in south africa

Answer:","The English version of the South African constitution refers to the languages by the names in those languages: isiZulu , isiXhosa , Afrikaans , Sepedi (referring to Northern Sotho), Setswana , English , Sesotho (referring to Southern Sotho), Xitsonga , Siswati , Tshivenda and isiNdebele (referring to Southern Ndebele).",serious,wiki_qa,Q: what languages are spoken in south africa,531,-3.983402967453003
"Question: what is the sign for degrees

Answer:","The symbol consists of a small raised circle, historically a zero glyph .",serious,wiki_qa,Q: what is the sign for degrees,506,-3.6658527851104736
Tell me something:,"You know what the budding prostitute told me? """"You break it you buy it"""".",humorous,joke,"You know what the budding prostitute told me? """"You break it you buy it"""".",370,8.58432674407959
Tell me something:,"They don't treat the black people right. In our neighborhoods, they don't have banks -- they have check cashing.",humorous,joke,"They don't treat the black people right. In our neighborhoods, they don't have banks -- they have check cashing.",172,2.2814619541168213
Tell me something:,Sometimes you run into people who totally change your life for the better. Bartenders.. Those people are called bartenders,humorous,joke,Sometimes you run into people who totally change your life for the better. Bartenders.. Those people are called bartenders,125,5.942835807800293
"Question: what does life insurance cover?

Answer:","Depending on the contract, other events such as terminal illness or critical illness may also trigger payment.",serious,wiki_qa,Q: what does life insurance cover?,547,-7.126724720001221
"Question: what is my resting heart rate at age 24

Answer:","Heart rate can vary as the body's need to absorb oxygen and excrete carbon dioxide changes, such as during physical exercise , sleep , illness, or as a result of ingesting drugs :",serious,wiki_qa,Q: what is my resting heart rate at age 24,859,-6.012078285217285
"Question: how many baseball teams usa

Answer:",It is composed of 30 teams — 29 in the United States and one in Canada.,serious,wiki_qa,Q: how many baseball teams usa,900,-4.861886501312256
Tell me something:,What's E.T. short for? He's just got little legs.,humorous,joke,What's E.T. short for? He's just got little legs.,90,6.606804370880127
"Question: what caused the world war 2

Answer:","The main causes of World War II were nationalistic issues, unresolved issues, and resentments resulting from World War I and the interwar period in Europe, in addition to the effects of the Great Depression in the 1930s.",serious,wiki_qa,Q: what caused the world war 2,936,-6.662179946899414
Tell me something:,What's green with a brown tip? The cucumbers in Elton John's fridge.,humorous,joke,What's green with a brown tip? The cucumbers in Elton John's fridge.,181,4.759543418884277
Tell me something:,What do Godzilla and shrimp have in common? They both crustaceans,humorous,joke,What do Godzilla and shrimp have in common? They both crustaceans,274,1.5969548225402832
"Question: what is honey bee propolis

Answer:",Propolis as hive sealing,serious,wiki_qa,Q: what is honey bee propolis,892,-4.450919151306152
Tell me something:,Where did all the TV remotes go when you can't find them? To a remote island...,humorous,joke,Where did all the TV remotes go when you can't find them? To a remote island...,69,5.790793418884277
Tell me something:,How did Jared lose 150lbs? He kicked two 7-year-olds out of his bed.,humorous,joke,How did Jared lose 150lbs? He kicked two 7-year-olds out of his bed.,291,3.7911171913146973
Tell me something:,"Why do hippies like to swim way offshore? Cause it's far out, man",humorous,joke,"Why do hippies like to swim way offshore? Cause it's far out, man",131,6.35983943939209
Tell me something:,99% of lawyers ... . . . give the rest of us a bad name.,humorous,joke,99% of lawyers ... . . . give the rest of us a bad name.,300,5.086394786834717
Tell me something:,"Two Goldfish Are Sitting In A Tank One turns to the other and says """"I'll man the guns, you drive""""",humorous,joke,"Two Goldfish Are Sitting In A Tank One turns to the other and says """"I'll man the guns, you drive""""",422,8.29163932800293
Tell me something:,Have you heard about the one-armed super hero? He single handedly stops crime.,humorous,joke,Have you heard about the one-armed super hero? He single handedly stops crime.,326,6.057775020599365
Tell me something:,Apparently you can't get a sick leave just because you're sick of seeing everyone at the office.,humorous,joke,Apparently you can't get a sick leave just because you're sick of seeing everyone at the office.,144,6.301832675933838
"Question: how many countries have english as an official language

Answer:","In 2012, there were 88 states in total (60 sovereign states and 28 non-sovereign states).",serious,wiki_qa,Q: how many countries have english as an official language,667,-4.829177379608154
"Question: HOW MANY STRIPES ARE ON THE AMERICAN FLAG

Answer:",The 50 stars on the flag represent the 50 states of the United States of America and the 13 stripes represent the thirteen British colonies that declared independence from the Kingdom of Great Britain and became the first states in the Union.,serious,wiki_qa,Q: HOW MANY STRIPES ARE ON THE AMERICAN FLAG,655,-6.438095569610596
Tell me something:,I phoned the Islamic Samaritans today When I said I was feeling suicidal they got all excited and asked if I knew how to fly a plane.,humorous,joke,I phoned the Islamic Samaritans today When I said I was feeling suicidal they got all excited and asked if I knew how to fly a plane.,135,5.221837997436523
Tell me something:,Always crush and snort your first pill on the pharmacy counter to make sure they're not passing you some fake shit.,humorous,joke,Always crush and snort your first pill on the pharmacy counter to make sure they're not passing you some fake shit.,405,6.263205528259277
Tell me something:,Election There was an election in New York.,humorous,joke,Election There was an election in New York.,164,0.030624881386756897
Tell me something:,why are computers so smart? because they listen to their mother board.,humorous,joke,why are computers so smart? because they listen to their mother board.,28,3.184292793273926
"Question: how does lsd impact the human body

Answer:","Lysergic acid diethylamide, abbreviated LSD or LSD-25, also known as lysergide ( INN ) and colloquially as acid, is a semisynthetic psychedelic drug of the ergoline family, well known for its psychological effects which can include altered thinking processes, closed and open eye visuals, synesthesia , an altered sense of time and spiritual experiences , as well as for its key role in 1960s counterculture .",serious,wiki_qa,Q: how does lsd impact the human body,915,-3.5612077713012695
Tell me something:,Why can't some people help being born Chinese? Because there's nothing wong with it.,humorous,joke,Why can't some people help being born Chinese? Because there's nothing wong with it.,193,4.723879337310791
"Question: what does auld lang syne mean

Answer:","The song's Scots title may be translated into English literally as ""old long since"", or more idiomatically, ""long long ago"", ""days gone by"" or ""old times"".",serious,wiki_qa,Q: what does auld lang syne mean,751,-0.4143088459968567
"Question: what is a discipline of study

Answer:","An academic discipline, or field of study, is a branch of knowledge that is taught and researched at the college or university level.",serious,wiki_qa,Q: what is a discipline of study,636,-9.901896476745605
Tell me something:,I forgot my baby was in the backseat of my car and I accidentally threw my case of beer on him He was ok though. It was light beer.,humorous,joke,I forgot my baby was in the backseat of my car and I accidentally threw my case of beer on him He was ok though. It was light beer.,169,6.031872749328613
Tell me something:,"I could be way funnier with like, 143 characters to work with.",humorous,joke,"I could be way funnier with like, 143 characters to work with.",486,10.199999809265137
Tell me something:,"""""When I was a child, I talked like a child, I thought like a child, I reasoned like a child. When I became a man, I did those things online""""",humorous,joke,"""""When I was a child, I talked like a child, I thought like a child, I reasoned like a child. When I became a man, I did those things online""""",140,2.2141273021698
Tell me something:,"One day, i came across a mute man, and he said",humorous,joke,"One day, i came across a mute man, and he said",173,2.8899238109588623
Tell me something:,What do you call the entrance to a prostitute's house? Hodor.,humorous,joke,What do you call the entrance to a prostitute's house? Hodor.,6,2.584063768386841
"Question: when did the titanic sink

Answer:","RMS Titanic was a British passenger liner that sank in the North Atlantic Ocean on 15 April 1912 after colliding with an iceberg during her maiden voyage from Southampton , UK to New York City , US.",serious,wiki_qa,Q: when did the titanic sink,952,-6.3009490966796875
"Question: what is level of agreement mean

Answer:","In practice, the term SLA is sometimes used to refer to the contracted delivery time (of the service or performance).",serious,wiki_qa,Q: what is level of agreement mean,670,-4.751055717468262
Tell me something:,"Just saw a billboard that said, """"Texting & Driving Is Dangerous!"""" Hahaha... that's so lamOMG I JUST HIT A CIRCUS ELEPHANT!!!",humorous,joke,"Just saw a billboard that said, """"Texting & Driving Is Dangerous!"""" Hahaha... that's so lamOMG I JUST HIT A CIRCUS ELEPHANT!!!",73,7.437391757965088
"Question: how does black pepper grow

Answer:","Black pepper (Piper nigrum) is a flowering vine in the family Piperaceae , cultivated for its fruit , which is usually dried and used as a spice and seasoning .",serious,wiki_qa,Q: how does black pepper grow,798,-7.073523044586182
Tell me something:,"why was the computer late to work? because it had a hard drive! (stole it from ellen, from her classic joke tuesday)",humorous,joke,"why was the computer late to work? because it had a hard drive! (stole it from ellen, from her classic joke tuesday)",467,7.189005374908447
Tell me something:,What's the difference between when you're hungry and when you're horny Where you put the cucumber.,humorous,joke,What's the difference between when you're hungry and when you're horny Where you put the cucumber.,238,4.452857971191406
Tell me something:,"Sometimes I like to sit at the playground & wait for a concerned Mother to ask """"Which kid is mine?"""" I like to reply """"I haven't decided yet.""""",humorous,joke,"Sometimes I like to sit at the playground & wait for a concerned Mother to ask """"Which kid is mine?"""" I like to reply """"I haven't decided yet.""""",145,7.248536109924316
"Question: what it takes aerosmith album

Answer:",It was released in 1990 as the third single from Aerosmith's critically and commercially successful 1989 album Pump .,serious,wiki_qa,Q: what it takes aerosmith album,790,-3.6098592281341553
Tell me something:,Why does everyone keep saying the Boston Marathon was a tragedy? I heard everybody had a blast.,humorous,joke,Why does everyone keep saying the Boston Marathon was a tragedy? I heard everybody had a blast.,234,4.764337539672852
Tell me something:,Napkins used after eating hot wings and then put in your pocket should NEVER be used as toilet paper no matter how much you've had to drink.,humorous,joke,Napkins used after eating hot wings and then put in your pocket should NEVER be used as toilet paper no matter how much you've had to drink.,220,4.88499641418457
"Question: what is sanskrit shri

Answer:","Sri ( Devanagari : श्री, IAST ; Śrī), also transliterated as Sree or Shri or Shree is a word of Sanskrit origin, used in the Indian subcontinent as polite form of address equivalent to the English ""Mr."" in written and spoken language, or as a title of veneration for deities (usually translated as ""Holy"").",serious,wiki_qa,Q: what is sanskrit shri,583,-3.2018115520477295
"Question: what do cyberstalkers do

Answer:","Cyberstalking is the use of the Internet or other electronic means to stalk or harass an individual, a group of individuals, or an organization.",serious,wiki_qa,Q: what do cyberstalkers do,863,-5.875804424285889
Tell me something:,What do you call an Asian guy with a great work ethic? Task Oriental.,humorous,joke,What do you call an Asian guy with a great work ethic? Task Oriental.,132,3.8235816955566406
"Question: what was the post modernist era in literature?

Answer:","Postmodern literature is literature characterized by heavy reliance on techniques like fragmentation, paradox, and questionable narrators, and is often (though not exclusively) defined as a style or trend which emerged in the post–World War II era.",serious,wiki_qa,Q: what was the post modernist era in literature?,987,-4.81248140335083
Tell me something:,Of course my days are numbered.. That's how calendars work.,humorous,joke,Of course my days are numbered.. That's how calendars work.,408,6.285678386688232
Tell me something:,What's the difference between my penis and a midget dressed as a mouse? Both are small and scare women away... :(,humorous,joke,What's the difference between my penis and a midget dressed as a mouse? Both are small and scare women away... :(,185,5.943179607391357
Tell me something:,Do people with a foot fetish get off when their car gets towed?,humorous,joke,Do people with a foot fetish get off when their car gets towed?,41,3.7124593257904053
"Question: what does the green mean on the mexican flag

Answer:","Red, white, and green are the colors of the national liberation army in Mexico.",serious,wiki_qa,Q: what does the green mean on the mexican flag,720,-5.129159927368164
Tell me something:,I bought my Dad a cheap dictionary for Christmas. He couldn't find the right words to thank me.,humorous,joke,I bought my Dad a cheap dictionary for Christmas. He couldn't find the right words to thank me.,108,4.18497896194458
"Question: what is in the preamble of the constitution

Answer:",The Preamble to the United States Constitution is a brief introductory statement of the Constitution's fundamental purposes and guiding principles.,serious,wiki_qa,Q: what is in the preamble of the constitution,587,-8.707165718078613
Tell me something:,"Here's a limerick I wrote: There once was a colour named orange, ...Damnit.",humorous,joke,"Here's a limerick I wrote: There once was a colour named orange, ...Damnit.",56,7.511082649230957
"Question: how is schizophrenia diagnosed?

Answer:",Diagnosis is based on observed behavior and the patient's reported experiences.,serious,wiki_qa,Q: how is schizophrenia diagnosed?,675,-8.784320831298828
Tell me something:,"computer jokes Client to designer: """"It doesn't really look purple. It looks more like a mixture of red and blue.""""",humorous,joke,"computer jokes Client to designer: """"It doesn't really look purple. It looks more like a mixture of red and blue.""""",440,7.777703762054443
"Question: what is primary medicine

Answer:",Primary care is the health care given by a health care provider .,serious,wiki_qa,Q: what is primary medicine,638,-8.625835418701172
"Question: What kind of poem is ""This is Just to Say""

Answer:","""This Is Just To Say"" (1934) is a famous imagist poem by William Carlos Williams .",serious,wiki_qa,"Q: What kind of poem is ""This is Just to Say""",857,-2.9904191493988037
Tell me something:,What is the biggest similarity between the average Redditor and a lumberjack? They both sleep all night and whack all day!,humorous,joke,What is the biggest similarity between the average Redditor and a lumberjack? They both sleep all night and whack all day!,24,4.123435974121094
"Question: what country did wine originate in

Answer:","Archaeological evidence suggests that the earliest known wine production occurred in what is now the country of Georgia around 7000 BCE, with other notable sites in Greater Iran dated 4500 BCE and Armenia 4100 BCE, respectively.",serious,wiki_qa,Q: what country did wine originate in,732,-4.717140197753906
Tell me something:,Did you hear about the temple that burnt down? Holy smokes.,humorous,joke,Did you hear about the temple that burnt down? Holy smokes.,494,6.641742706298828
"Question: how does nanotechnology affect health

Answer:","Nanotechnology may be able to create many new materials and devices with a vast range of applications , such as in medicine , electronics , biomaterials and energy production.",serious,wiki_qa,Q: how does nanotechnology affect health,530,-7.242981910705566
"Question: what is grist mill stone

Answer:","A gristmill (also: grist mill, corn mill or flour mill) grinds grain into flour .",serious,wiki_qa,Q: what is grist mill stone,617,-6.139030456542969
"Question: what county is erie colorado

Answer:",Erie is a Statutory Town in Boulder and Weld counties in the U.S. state of Colorado .,serious,wiki_qa,Q: what county is erie colorado,692,-4.746433734893799
"Question: where do women ejeculation exactly coming from

Answer:",Female ejaculation is the expulsion of fluid by human females from the paraurethral ducts through and around the female urethra during or before an orgasm .,serious,wiki_qa,Q: where do women ejeculation exactly coming from,923,-6.146197319030762
Tell me something:,"I don't get what's up with Black Friday. All Fridays matter, guys.",humorous,joke,"I don't get what's up with Black Friday. All Fridays matter, guys.",338,7.826354503631592
Tell me something:,SHARKY_GAMING SHOULD DIE IN HELL HE SHOULD BE FORCED TO FUCK MY ASS AND EVERY THRUST HE DOES HE FEELS THE PAIN WE DO He Betrayed Us. He Should Burn. He Should Die.,humorous,joke,SHARKY_GAMING SHOULD DIE IN HELL HE SHOULD BE FORCED TO FUCK MY ASS AND EVERY THRUST HE DOES HE FEELS THE PAIN WE DO He Betrayed Us. He Should Burn. He Should Die.,51,7.906422138214111
"Question: what does the family leave act

Answer:","Qualified medical and family reasons include: personal or family illness, family military leave, pregnancy , adoption , or the foster care placement of a child.",serious,wiki_qa,Q: what does the family leave act,582,-4.343499660491943
"Question: how is slugging percentage calculated

Answer:",It is calculated as total bases divided by at bats :,serious,wiki_qa,Q: how is slugging percentage calculated,628,-6.2285919189453125
"Question: who is bj's wholesale club

Answer:","BJ's Wholesale Club, Inc., commonly referred to simply as BJ's, is a membership-only warehouse club chain operating on the United States East Coast , as well as in the state of Ohio .",serious,wiki_qa,Q: who is bj's wholesale club,917,-5.226110935211182
"Question: who created facebook

Answer:","It was founded in February 2004 by Mark Zuckerberg with his college roommates and fellow Harvard University students Eduardo Saverin , Andrew McCollum , Dustin Moskovitz and Chris Hughes .",serious,wiki_qa,Q: who created facebook,631,-3.7633023262023926
Tell me something:,What did the Mexican princess ask her sister? Tijuana build a snowman?,humorous,joke,What did the Mexican princess ask her sister? Tijuana build a snowman?,264,4.735209941864014
"Question: what is auto quarter panel

Answer:","On an automobile, a quarter panel (or rear wing as it is known in British English ) is usually considered the body panel which goes between the rear door and the trunk and typically wraps around the wheel well; however, the similar front section Fender (vehicle) , between the door and the hood, is sometimes incorrectly referred to as a quarter panel.",serious,wiki_qa,Q: what is auto quarter panel,536,-3.272271156311035
"Question: what was the first honda car

Answer:",The Honda S600 is an automobile manufactured by Honda .,serious,wiki_qa,Q: what was the first honda car,708,-5.153573513031006
"Question: who is director jack smight

Answer:","Jack Smight (March 9, 1925 - September 1, 2003) was an American theatre and film director .",serious,wiki_qa,Q: who is director jack smight,680,-3.1257967948913574
"Question: what state is new orleans in

Answer:","New Orleans ( or , locally or ; ) is a major United States port and the largest city and metropolitan area in the state of Louisiana .",serious,wiki_qa,Q: what state is new orleans in,500,-5.614977836608887
"Question: who wrote the song a little more country than that>

Answer:","""A Little More Country Than That"" is the title of a song written by Joey + Rory 's Rory Lee Feek , Wynn Varble , and Don Poythress, and recorded by American country artist Easton Corbin .",serious,wiki_qa,Q: who wrote the song a little more country than that>,616,-0.4403517544269562
Tell me something:,Geometry is so discriminatory How come there are only straight angles?,humorous,joke,Geometry is so discriminatory How come there are only straight angles?,445,3.5231854915618896
Tell me something:,Remember that guy that told us that he had no asshole? I think he's full of shit.,humorous,joke,Remember that guy that told us that he had no asshole? I think he's full of shit.,18,9.981606483459473
"Question: where does cellular respiration occur

Answer:","Cellular respiration is the set of the metabolic reactions and processes that take place in the cells of organisms to convert biochemical energy from nutrients into adenosine triphosphate (ATP), and then release waste products.",serious,wiki_qa,Q: where does cellular respiration occur,713,-10.030205726623535
Tell me something:,Pete and Repeat were on a boat in the middle of a lake. Pete fell off. Who's left?,humorous,joke,Pete and Repeat were on a boat in the middle of a lake. Pete fell off. Who's left?,481,3.391772747039795
"Question: what did mia hamm do his work

Answer:","Mariel Margaret ""Mia"" Hamm (born March 17, 1972) is a retired American professional soccer player.",serious,wiki_qa,Q: what did mia hamm do his work,567,-3.8519558906555176
"Question: how much does united states spend on health care

Answer:","According to the World Health Organization (WHO), the United States spent more on health care per capita ($7,146), and more on health care as percentage of its GDP (15.2%), than any other nation in 2008.",serious,wiki_qa,Q: how much does united states spend on health care,523,-5.7266693115234375
Tell me something:,A girl gets fired from her job with a Vegas outcall massage service Seems she rubbed too many guys the wrong way.,humorous,joke,A girl gets fired from her job with a Vegas outcall massage service Seems she rubbed too many guys the wrong way.,367,5.345663547515869
Tell me something:,Did you hear about the fire at the circus? The heat was in tents,humorous,joke,Did you hear about the fire at the circus? The heat was in tents,83,5.42997932434082
Tell me something:,Did you hear about the german who accidently put his hand in boiling oil? he Gottfried..,humorous,joke,Did you hear about the german who accidently put his hand in boiling oil? he Gottfried..,61,7.418162822723389
"Question: what is captcha code

Answer:",A CAPTCHA () is a type of challenge-response test used in computing as an attempt to ensure that the response is generated by a human being .,serious,wiki_qa,Q: what is captcha code,995,-4.544235706329346
Tell me something:,HOT SHINGLES IN YOUR AREA GET YOUR VACCINE AT WALGREENS TODAY,humorous,joke,HOT SHINGLES IN YOUR AREA GET YOUR VACCINE AT WALGREENS TODAY,272,2.110499858856201
Tell me something:,Autocorrect can be a real birch. Dammit!,humorous,joke,Autocorrect can be a real birch. Dammit!,285,7.049733638763428
Tell me something:,Love is energy over time Because Watt is love?,humorous,joke,Love is energy over time Because Watt is love?,360,2.7652881145477295
Tell me something:,Have you heard that president Assad has been making cheese? He's been getting the Kurds out of the whey  (credit to Sambo85 - Sikipedia),humorous,joke,Have you heard that president Assad has been making cheese? He's been getting the Kurds out of the whey  (credit to Sambo85 - Sikipedia),354,5.050793647766113
"Question: What is an economic feature?

Answer:","Other broad distinctions include those between positive economics (describing ""what is"") and normative economics (advocating ""what ought to be""); between economic theory and applied economics ; between rational and behavioral economics ; and between mainstream economics (more ""orthodox"" and dealing with the ""rationality-individualism-equilibrium nexus"") and heterodox economics (more ""radical"" and dealing with the ""institutions-history-social structure nexus"").",serious,wiki_qa,Q: What is an economic feature?,922,-5.189551830291748
Tell me something:,The 7 Habits of Highly Successful Nun Impersonators,humorous,joke,The 7 Habits of Highly Successful Nun Impersonators,278,3.0153629779815674
Tell me something:,Doctor told me I'm getting overweight Crap I thought eating disorder was bad enough!,humorous,joke,Doctor told me I'm getting overweight Crap I thought eating disorder was bad enough!,12,5.969432353973389
Tell me something:,at Nike advertising meeting I need a slogan for these shoes by the end of the day. I don't care how it gets done just do it..hold up a sec,humorous,joke,at Nike advertising meeting I need a slogan for these shoes by the end of the day. I don't care how it gets done just do it..hold up a sec,182,4.129350185394287
Tell me something:,A friend described me as a 'no maintenance' type And I have no idea whether to be happy or offended,humorous,joke,A friend described me as a 'no maintenance' type And I have no idea whether to be happy or offended,368,5.105649471282959
Tell me something:,why do queens play poker in the bathroom? so they'll always get a royal flush,humorous,joke,why do queens play poker in the bathroom? so they'll always get a royal flush,490,6.088496208190918
"Question: what is metformin used for

Answer:","Metformin ( BP , pronounced , ; originally sold as Glucophage) is an oral antidiabetic drug in the biguanide class.",serious,wiki_qa,Q: what is metformin used for,988,-6.082032680511475
Tell me something:,"How do norwegians catch rabbits in norway? They hide in a bush, and make carrot sounds.",humorous,joke,"How do norwegians catch rabbits in norway? They hide in a bush, and make carrot sounds.",223,1.4658775329589844
"Question: what states does interstate 70 travel through

Answer:","Interstate 70 (I-70) is an Interstate Highway in the United States that runs from Interstate 15 near Cove Fort, Utah , to a Park and Ride near Baltimore, Maryland .",serious,wiki_qa,Q: what states does interstate 70 travel through,689,-5.557287216186523
"Question: what is a discipline of study

Answer:","Disciplines are defined (in part), and recognized by the academic journals in which research is published, and the learned societies and academic departments or faculties to which their practitioners belong.",serious,wiki_qa,Q: what is a discipline of study,697,-6.849112033843994
"Question: What is an economic feature?

Answer:","At the turn of the 21st century, the expanding domain of economics in the social sciences has been described as economic imperialism .",serious,wiki_qa,Q: What is an economic feature?,501,-4.872747898101807
"Question: what is a vm server

Answer:","A virtual machine (VM) is a software implemented abstraction of the underlying hardware , which is presented to the application layer of the system.",serious,wiki_qa,Q: what is a vm server,544,-8.024479866027832
"Question: what country is madrid spain in

Answer:","Madrid (, ) is the capital and largest city of Spain .",serious,wiki_qa,Q: what country is madrid spain in,581,-6.869864463806152
"Question: what is the name for an old horse-drawn vehicle

Answer:","A carriage is a wheeled vehicle for people, usually horse-drawn; litters (palanquins) and sedan chairs are excluded, since they are wheelless vehicles.",serious,wiki_qa,Q: what is the name for an old horse-drawn vehicle,762,-4.361828327178955
Tell me something:,Difference between Port Authority and a lobster with breast implants? One's a crusty bus station... The other's a busty crustacean!,humorous,joke,Difference between Port Authority and a lobster with breast implants? One's a crusty bus station... The other's a busty crustacean!,176,6.693882465362549
"Question: what is the prognosis of stomach cancer

Answer:",Prognosis is poor (5-year survival <5 to 15%) because most patients present with advanced disease.,serious,wiki_qa,Q: what is the prognosis of stomach cancer,664,-6.79462194442749
"Question: how many percent is a basis point

Answer:","The relationship between percentage changes and basis points can be summarized as follows: 1 percentage point change = 100 basis points, and 0.01 percentage points = 1 basis point.",serious,wiki_qa,Q: how many percent is a basis point,626,-4.930882453918457
"Question: What is Ischemia or infarction?

Answer:","In medicine , ischemia, also spelled as ischaemia or ischæmia, (; from Greek language ισχαιμία, ischaimía; isch- root denoting a restriction or thinning or to make or grow thin/lean, haema blood ) is a restriction in blood supply to tissues , causing a shortage of oxygen and glucose needed for cellular metabolism (to keep tissue alive).",serious,wiki_qa,Q: What is Ischemia or infarction?,584,-3.5278327465057373
"Question: what is the function of the hard palate

Answer:",Also on the anterior portion of the roof of the hard palate is the Rugae which are the irregular ridges in the mucous membrane that help facilitate the movement of food backwards towards the pharynx.,serious,wiki_qa,Q: what is the function of the hard palate,519,-5.075549125671387
Tell me something:,WIFE:Someone's broken in ME *grabs baseball bat*Wait here [downstairs] PAL:Can't u just tell her u wanna play baseball M: Keep ur voice down,humorous,joke,WIFE:Someone's broken in ME *grabs baseball bat*Wait here [downstairs] PAL:Can't u just tell her u wanna play baseball M: Keep ur voice down,393,7.883299827575684
Tell me something:,"*at a loud house party* Is this your- I SAID IS THIS YOUR HOUSE? I NOTICED THE DOG BOWL. WHERE IS HE OR SHE, I'D LIKE TO PET HIM OR HER",humorous,joke,"*at a loud house party* Is this your- I SAID IS THIS YOUR HOUSE? I NOTICED THE DOG BOWL. WHERE IS HE OR SHE, I'D LIKE TO PET HIM OR HER",163,7.74460506439209
Tell me something:,Mexico is starting to build a wall They're worried about the Americans crossing the border when Trump is elected.,humorous,joke,Mexico is starting to build a wall They're worried about the Americans crossing the border when Trump is elected.,248,1.1069107055664062
"Question: where is the Rhine river located on a map

Answer:","The Rhine (; ; ) is a European river that runs from the Swiss canton of Grisons in the southeastern Swiss Alps through Germany and eventually flows into the North Sea coast in the Netherlands and is the twelfth longest river in Europe , at about , with an average discharge of more than .",serious,wiki_qa,Q: where is the Rhine river located on a map,633,-5.7582292556762695
"Question: where is Chayanne from?

Answer:","Elmer Figueroa Arce (born June 28, 1968), best known under the stage name Chayanne, is a Puerto Rican Latin pop singer and actor.",serious,wiki_qa,Q: where is Chayanne from?,882,-2.5520451068878174
"Question: who won the women's world cup

Answer:",Japan won the 2011 tournament in a penalty shootout.,serious,wiki_qa,Q: who won the women's world cup,668,-3.995012044906616
Tell me something:,"CALL AN AMBULANCE!? NO WAY! that old lady is DEFINITELY unconscious. here, go start my car. I'm gonna go wipe the prints off our frisbee.",humorous,joke,"CALL AN AMBULANCE!? NO WAY! that old lady is DEFINITELY unconscious. here, go start my car. I'm gonna go wipe the prints off our frisbee.",375,8.100693702697754
Tell me something:,"A cannibal is having a meal at a restaurant After finishing his main course he tells the waiter """"Czech please""""",humorous,joke,"A cannibal is having a meal at a restaurant After finishing his main course he tells the waiter """"Czech please""""",412,3.793546199798584
Tell me something:,"Kidnapping is such a strong word, I prefer to think of it as Surprise Adoption",humorous,joke,"Kidnapping is such a strong word, I prefer to think of it as Surprise Adoption",74,4.919511318206787
Tell me something:,Two people go to a Nickelback concert.,humorous,joke,Two people go to a Nickelback concert.,113,1.5991054773330688
"Question: how do you know if something is the golden ratio

Answer:","In mathematics and the arts , two quantities are in the golden ratio if the ratio of the sum of the quantities to the larger quantity is equal to the ratio of the larger quantity to the smaller one.",serious,wiki_qa,Q: how do you know if something is the golden ratio,568,-9.135199546813965
"Question: what city is george washington university

Answer:","The George Washington University (GW, GWU, or George Washington) is a comprehensive private , coeducational research university located in Washington, D.C. .",serious,wiki_qa,Q: what city is george washington university,559,-5.603384971618652
Tell me something:,"What did one hash brownie say to the other? We're so baked. What did the stoner say to his friend? I'm so high,I can hear the brownies talking to each other.",humorous,joke,"What did one hash brownie say to the other? We're so baked. What did the stoner say to his friend? I'm so high,I can hear the brownies talking to each other.",390,10.583280563354492
Tell me something:,"What did the leper say to the prostitute? """"Keep the tip!""""",humorous,joke,"What did the leper say to the prostitute? """"Keep the tip!""""",104,3.657649278640747
Tell me something:,What was the black guys reaction to the 3/5ths compromise? I can't even,humorous,joke,What was the black guys reaction to the 3/5ths compromise? I can't even,114,2.8526461124420166
Tell me something:,"What do you call a virus named Enza that causes the flu? a flu Enza. Thanks a lot everyone, I looked forward to this day for a long time.",humorous,joke,"What do you call a virus named Enza that causes the flu? a flu Enza. Thanks a lot everyone, I looked forward to this day for a long time.",417,4.357052803039551
"Question: how did the penguins acquire sidney crosby

Answer:",Crosby was drafted first overall by the Penguins out of the Quebec Major Junior Hockey League (QMJHL).,serious,wiki_qa,Q: how did the penguins acquire sidney crosby,761,-3.077873945236206
Tell me something:,What happens when the lights go out in a Chinese restaurant? It'll Dimsum.,humorous,joke,What happens when the lights go out in a Chinese restaurant? It'll Dimsum.,457,4.0240044593811035
Tell me something:,*looks at fish tank 6: It's part cat and part fish? Me: No it's just a fish *Catfish maintains eye contact while pushing over treasure chest,humorous,joke,*looks at fish tank 6: It's part cat and part fish? Me: No it's just a fish *Catfish maintains eye contact while pushing over treasure chest,409,6.63302755355835
Tell me something:,I don't know why these Jehovah's Witnesses won't give me their addresses in case I think of something more to shout at them.,humorous,joke,I don't know why these Jehovah's Witnesses won't give me their addresses in case I think of something more to shout at them.,92,5.916018962860107
"Question: what produces calcitonin

Answer:","Calcitonin (also known as thyrocalcitonin) is a 32-amino acid linear polypeptide hormone that is produced in humans primarily by the parafollicular cells (also known as C-cells) of the thyroid , and in many other animals in the ultimobranchial body .",serious,wiki_qa,Q: what produces calcitonin,755,-5.751995086669922
Tell me something:,I still don't understand how to avoid clickbait... Neither do you,humorous,joke,I still don't understand how to avoid clickbait... Neither do you,89,4.708939075469971
Tell me something:,What is a horses favourite kind of party? A stall ball.,humorous,joke,What is a horses favourite kind of party? A stall ball.,336,4.184144020080566
"Question: who can file suspicious activity report

Answer:","In United States financial regulation , a suspicious activity report (or SAR) is a report made by a financial institution to the Financial Crimes Enforcement Network (FinCEN), an agency of the United States Department of the Treasury , regarding suspicious or potentially suspicious activity.",serious,wiki_qa,Q: who can file suspicious activity report,985,-6.799401760101318
"Question: who owns joe's crab shack

Answer:",Joe's Crab Shack is an American chain of beach-themed seafood casual dining restaurants owned by Ignite Restaurant Group .,serious,wiki_qa,Q: who owns joe's crab shack,918,-3.318882942199707
"Question: when did thomson make the plum-pudding model

Answer:","The plum pudding model of the atom by J. J. Thomson , who discovered the electron in 1897, was proposed in 1904 before the discovery of the atomic nucleus in order to add the electron to the atomic model.",serious,wiki_qa,Q: when did thomson make the plum-pudding model,930,-4.994564533233643
"Question: how many wives did henry the 8th have

Answer:","Besides his six marriages, Henry VIII is known for his role in the separation of the Church of England from the Roman Catholic Church.",serious,wiki_qa,Q: how many wives did henry the 8th have,604,-6.426522731781006
"Question: what are lobbying groups

Answer:","Lobbying is done by many different types of people and organized groups, including individuals in the private sector , corporations , fellow legislators or government officials, or advocacy groups (interest groups).",serious,wiki_qa,Q: what are lobbying groups,898,-6.854486465454102
"Question: what is the name of the wizard of oz

Answer:","The character was further popularized by the classic 1939 movie , wherein his full name is not mentioned.",serious,wiki_qa,Q: what is the name of the wizard of oz,694,-1.2440739870071411
Tell me something:,How do fish make calls? On a shellphone! My 7 year old self was very proud of coming up with this one....,humorous,joke,How do fish make calls? On a shellphone! My 7 year old self was very proud of coming up with this one....,94,6.230230331420898
Tell me something:,When is an outlaw neither left-handed nor right-handed? When he's red-handed.,humorous,joke,When is an outlaw neither left-handed nor right-handed? When he's red-handed.,11,4.034173965454102
Tell me something:,"""""Batman, we need your help in Paris immediately."""" """"Worry not, Commissioner, I've already changed my Facebook profile picture.""""",humorous,joke,"""""Batman, we need your help in Paris immediately."""" """"Worry not, Commissioner, I've already changed my Facebook profile picture.""""",396,5.711245536804199
"Question: what it is a pilot study

Answer:","A pilot experiment, also called a pilot study, is a small scale preliminary study conducted in order to evaluate feasibility, time, cost, adverse events, and effect size (statistical variability) in an attempt to predict an appropriate sample size and improve upon the study design prior to performance of a full-scale research project.",serious,wiki_qa,Q: what it is a pilot study,532,-7.04714298248291
Tell me something:,"At first, I was ashamed of reading erotica ,but then I came to terms.",humorous,joke,"At first, I was ashamed of reading erotica ,but then I came to terms.",43,3.561779499053955
Tell me something:,What is the best way to lose money? A: Lend it to Greece.,humorous,joke,What is the best way to lose money? A: Lend it to Greece.,42,1.6539740562438965
Tell me something:,Went to Lowes for a new dishwasher pretty stoked that she has a job too.,humorous,joke,Went to Lowes for a new dishwasher pretty stoked that she has a job too.,329,4.952088356018066
Tell me something:,I don't see the point of strip clubs. All they do is frustrate you and take all your money. I have a wife for that.,humorous,joke,I don't see the point of strip clubs. All they do is frustrate you and take all your money. I have a wife for that.,167,5.020893096923828
Tell me something:,A gentleman is . . . ...a man who gets out of the shower to take a pee,humorous,joke,A gentleman is . . . ...a man who gets out of the shower to take a pee,495,4.582901477813721
"Question: what is in the alpine mountain systems

Answer:","Wildlife such as ibex live in the higher peaks to elevations of , and plants such as Edelweiss grow in rocky areas in lower elevations as well as in higher elevations.",serious,wiki_qa,Q: what is in the alpine mountain systems,873,-5.315305709838867
"Question: what causes the seasons

Answer:",Seasons result from the yearly revolution of the Earth around the Sun and the tilt of the Earth's axis relative to the plane of revolution.,serious,wiki_qa,Q: what causes the seasons,596,-10.485787391662598
"Question: what is a base SI unit

Answer:","The seven SI base units and the interdependency of their definitions: for example, to extract the definition of the metre from the speed of light , the definition of the second must be known while the ampere and candela are both dependent on the definition of energy which in turn is defined in terms of length , mass and time .",serious,wiki_qa,Q: what is a base SI unit,754,-4.398947238922119
Tell me something:,How do you spell wrong? R?o?n?g. That's wrong. That's what you asked for isn't it?,humorous,joke,How do you spell wrong? R?o?n?g. That's wrong. That's what you asked for isn't it?,100,6.1822943687438965
Tell me something:,"""""I wasn't that drunk!"""" Dude, you told my mom you're no weather man, but she can expect a couple inches tonight.",humorous,joke,"""""I wasn't that drunk!"""" Dude, you told my mom you're no weather man, but she can expect a couple inches tonight.",426,8.941153526306152
Tell me something:,"What's the difference between a person that just won the lottery and a fairy in salt water? One is tickled pink, the other is a pickled Tink.",humorous,joke,"What's the difference between a person that just won the lottery and a fairy in salt water? One is tickled pink, the other is a pickled Tink.",178,7.222222328186035
Tell me something:,Q: Did you hear about the blonde who gave her cat a bath? A: She still hasn't gotten all the hair off her tongue.,humorous,joke,Q: Did you hear about the blonde who gave her cat a bath? A: She still hasn't gotten all the hair off her tongue.,444,8.451275825500488
Tell me something:,e and i have an argument e says to i: get real i responds: be rational,humorous,joke,e and i have an argument e says to i: get real i responds: be rational,416,5.341587543487549
"Question: what is the location of coldwater ms

Answer:",It is in the Memphis Metropolitan Area .,serious,wiki_qa,Q: what is the location of coldwater ms,939,-3.267130136489868
"Question: how many schools are in the big ten

Answer:","Its twelve member institutions (which are primarily flagship research universities in their respective states, well-regarded academically, and with relatively large student enrollment) are located primarily in the Midwest , stretching from Nebraska in the west to Penn State in the east.",serious,wiki_qa,Q: how many schools are in the big ten,879,-4.494901657104492
"Question: Who controlled Alaska before US?

Answer:","Alaska was purchased from Russia on March 30, 1867, for $7.2 million ($ adjusted for inflation) at approximately two cents per acre ($4.74/km2).",serious,wiki_qa,Q: Who controlled Alaska before US?,657,-3.333244800567627
Tell me something:,What has eight legs and an IQ of forty? Four guys watching a baseball game.,humorous,joke,What has eight legs and an IQ of forty? Four guys watching a baseball game.,177,4.034828186035156
Tell me something:,What do you call a dog with no legs? Doesn't matter it wont come anyways,humorous,joke,What do you call a dog with no legs? Doesn't matter it wont come anyways,395,6.211435317993164
"Question: what measurement is a furlong

Answer:","A furlong is a measure of distance in imperial units and U.S. customary units equal to one-eighth of a mile , equivalent to 220 yards , 660 feet , 40 rods , or 10 chains .",serious,wiki_qa,Q: what measurement is a furlong,994,-6.489065170288086
"Question: when was the constitution written

Answer:","George Washington at Constitutional Convention of 1787, signing of U.S. Constitution.",serious,wiki_qa,Q: when was the constitution written,883,-5.393092155456543
"Question: what kind a is tilapia

Answer:",Tilapia ( ) is the common name for nearly a hundred species of cichlid fish from the tilapiine cichlid tribe .,serious,wiki_qa,Q: what kind a is tilapia,957,-5.143835544586182
"Question: who created the cato institute

Answer:","It was founded as the Charles Koch Foundation in 1974 by Murray Rothbard , Ed Crane and Charles Koch , chairman of the board and chief executive officer of the conglomerate Koch Industries, Inc. .",serious,wiki_qa,Q: who created the cato institute,682,-3.8445754051208496
Tell me something:,What did the terrorist send in the mail? A CAIR package.,humorous,joke,What did the terrorist send in the mail? A CAIR package.,383,3.26991605758667
"Question: what is the role of heredity

Answer:",This is the process by which an offspring cell or organism acquires or becomes predisposed to the characteristics of its parent cell or organism.,serious,wiki_qa,Q: what is the role of heredity,953,-6.245212078094482
"Question: what is soy made from

Answer:","The soybean (US) or soya bean (UK) (Glycine max) is a species of legume native to East Asia, widely grown for its edible bean which has numerous uses.",serious,wiki_qa,Q: what is soy made from,611,-6.647111892700195
Tell me something:,If Facebook is conflicting with your real life relationships then it's time to take a break. We need your full commitment over here.,humorous,joke,If Facebook is conflicting with your real life relationships then it's time to take a break. We need your full commitment over here.,257,2.43196439743042
"Question: WHAT COUNTRY IS MEXICO IN

Answer:","Mexico (; ; ), officially the United Mexican States (), is a federal constitutional republic in North America.",serious,wiki_qa,Q: WHAT COUNTRY IS MEXICO IN,585,-6.316242218017578
Tell me something:,"Long-time lurker, first time poster and I had this really great gay joke I wanted to share with you guys Butt Fuck it.",humorous,joke,"Long-time lurker, first time poster and I had this really great gay joke I wanted to share with you guys Butt Fuck it.",335,7.711648941040039
"Question: what are stocks and bonds

Answer:","Bonds and stocks are both securities , but the major difference between the two is that (capital) stockholders have an equity stake in the company (i.e. they are owners), whereas bondholders have a creditor stake in the company (i.e. they are lenders).",serious,wiki_qa,Q: what are stocks and bonds,613,-8.287796974182129
Tell me something:,"Can woman make man a millionaire? Yes, if he is a billionaire",humorous,joke,"Can woman make man a millionaire? Yes, if he is a billionaire",15,2.765596389770508
Tell me something:,"A prickle of porcupines A murder of crows A flamboyance of flamingos A twitter of depressed, alcoholic perverts A shrewdness of apes A parla",humorous,joke,"A prickle of porcupines A murder of crows A flamboyance of flamingos A twitter of depressed, alcoholic perverts A shrewdness of apes A parla",324,6.857517719268799
"Question: what continent is australia

Answer:","Australia is a continent comprising mainland Australia , Tasmania , New Guinea , Seram , possibly Timor , and neighbouring islands.",serious,wiki_qa,Q: what continent is australia,756,-5.550483226776123
Tell me something:,I lost my virginity to a retarded girl last night. I wanted it to be special,humorous,joke,I lost my virginity to a retarded girl last night. I wanted it to be special,222,4.896756649017334
Tell me something:,"Why are black people good at basketball? Because they shoot, steal, and run.",humorous,joke,"Why are black people good at basketball? Because they shoot, steal, and run.",179,2.3991312980651855
"Question: what is a llc company?

Answer:",An LLC is a legal form of company that provides limited liability to its owners in the vast majority of United States jurisdictions.,serious,wiki_qa,Q: what is a llc company?,980,-8.36077880859375
Tell me something:,"Saying """"EA Sports it's in the game,"""" along with the guy who says it.",humorous,joke,"Saying """"EA Sports it's in the game,"""" along with the guy who says it.",22,6.084805011749268
Tell me something:,Buddy of mine dropped some acid... Burnt a hole in the floor... He was tripping for days!,humorous,joke,Buddy of mine dropped some acid... Burnt a hole in the floor... He was tripping for days!,356,7.3513407707214355
"Question: how many muscles in the human body

Answer:","There are approximately 642 skeletal muscles within the typical human, and almost every muscle constitutes one part of a pair of identical bilateral muscles, found on both sides, resulting in approximately 320 pairs of muscles, as presented in this article.",serious,wiki_qa,Q: how many muscles in the human body,665,-4.048752307891846
"Question: what does barefoot and pregnant mean

Answer:","""Barefoot and pregnant"" is a phrase most commonly associated with the controversial idea that women should not work outside the home and should have many children during their reproductive years.",serious,wiki_qa,Q: what does barefoot and pregnant mean,858,-1.932614803314209
Tell me something:,Why couldn't Mozart find his teacher? Because his teacher was Haydn. (Stolen from laffy taffy),humorous,joke,Why couldn't Mozart find his teacher? Because his teacher was Haydn. (Stolen from laffy taffy),340,5.3780317306518555
Tell me something:,Ever have one of those days where you drink so much coffee that you can't hold the scalpel straight? LOL! It's like a Gallagher show!,humorous,joke,Ever have one of those days where you drink so much coffee that you can't hold the scalpel straight? LOL! It's like a Gallagher show!,431,10.130792617797852
"Question: What Causes Brain Freeze

Answer:","It is caused by having something cold touch the roof of the mouth ( palate ), and is believed to result from a nerve response causing rapid constriction and swelling of blood vessels or a "" referring "" of pain from the roof of the mouth to the head.",serious,wiki_qa,Q: What Causes Brain Freeze,891,-2.9281208515167236
"Question: what does leeroy jenkins mean

Answer:","Leeroy Jenkins, sometimes misspelled Leroy Jenkins and often elongated with numerous additional letters, is an Internet meme named for a player character created by Ben Schulz in Blizzard Entertainment 's MMORPG , World of Warcraft .",serious,wiki_qa,Q: what does leeroy jenkins mean,830,1.023328185081482
Tell me something:,Why is Donald Trump still running for president? It's the only race that he hasn't offended yet.,humorous,joke,Why is Donald Trump still running for president? It's the only race that he hasn't offended yet.,203,2.807858467102051
"Question: what are add ons

Answer:","Add-ons for Firefox (addons.mozilla.org), the official Mozilla Foundation web site which serves as a repository of add-ons for Mozilla-based applications",serious,wiki_qa,Q: what are add ons,629,-4.96449089050293
Tell me something:,whats worse than a dead cat on the piano? a diseased beaver on your organ...,humorous,joke,whats worse than a dead cat on the piano? a diseased beaver on your organ...,93,8.265999794006348
"Question: where were the Winter Olympics in 2006

Answer:","The 2006 Winter Olympics, officially known as the XX Olympic Winter Games, was a winter multi-sport event which was celebrated in Turin , Italy from February 10, 2006, through February 26, 2006.",serious,wiki_qa,Q: where were the Winter Olympics in 2006,557,-5.2451324462890625
Tell me something:,"If all men are the same, why do women take so long to choose one...?",humorous,joke,"If all men are the same, why do women take so long to choose one...?",68,3.0824575424194336
"Question: what happened to stevie ray vaughan

Answer:","On August 27, 1990, Vaughan was killed in a helicopter crash following a performance in East Troy, Wisconsin .",serious,wiki_qa,Q: what happened to stevie ray vaughan,621,-2.539663314819336
Tell me something:,Ever heard the one about the dyslexic agnostic insomniac? He lay awake at night wondering if there really was a dog.,humorous,joke,Ever heard the one about the dyslexic agnostic insomniac? He lay awake at night wondering if there really was a dog.,284,10.052909851074219
"Question: what is considered to be a disasters

Answer:","A disaster is a natural or man-made (or technological) hazard resulting in an event of substantial extent causing significant physical damage or destruction, loss of life, or drastic change to the environment .",serious,wiki_qa,Q: what is considered to be a disasters,801,-7.638988018035889
Tell me something:,Dinner party tip: Gluten allergies can easily be treated by not telling people they are consuming gluten.,humorous,joke,Dinner party tip: Gluten allergies can easily be treated by not telling people they are consuming gluten.,434,1.5435595512390137
Tell me something:,Simpsons TapOut/Awesome Best game out in long time. I'm so addicted to it that it seems to be a issue with my relationship. Lol!!!,humorous,joke,Simpsons TapOut/Awesome Best game out in long time. I'm so addicted to it that it seems to be a issue with my relationship. Lol!!!,153,6.7692551612854
Tell me something:,Why did the sperm cross the road? Because I put on the wrong socks this morning.,humorous,joke,Why did the sperm cross the road? Because I put on the wrong socks this morning.,75,8.531352043151855
"Question: how many students go to santa barbara

Answer:","The campus is the 6th-largest in the UC system by enrollment with 18,977 undergraduate and 2,950 graduate students.",serious,wiki_qa,Q: how many students go to santa barbara,728,-4.8064422607421875
Tell me something:,Hottest day ever recorded in November and my neighbor is already installing Christmas lights. So don't send me a fruitcake. Already got one.,humorous,joke,Hottest day ever recorded in November and my neighbor is already installing Christmas lights. So don't send me a fruitcake. Already got one.,446,6.891541957855225
Tell me something:,Wanna impress me iTunes? Let me download a motherfucking pizza.,humorous,joke,Wanna impress me iTunes? Let me download a motherfucking pizza.,188,9.456114768981934
Tell me something:,"Wife: Can you fix this, the holes too big for the thingy majingy? Me: Hey I know how it feels! Hahaha! *And then I regained consciousness",humorous,joke,"Wife: Can you fix this, the holes too big for the thingy majingy? Me: Hey I know how it feels! Hahaha! *And then I regained consciousness",271,6.947695255279541
Tell me something:,I dont trust atoms... I heard they make up everything.,humorous,joke,I dont trust atoms... I heard they make up everything.,236,8.740754127502441
Tell me something:,I think calling them maggots is insensitive... they should be referred to as larvasexuals.,humorous,joke,I think calling them maggots is insensitive... they should be referred to as larvasexuals.,487,4.837228775024414
Tell me something:,Macklemore was pretty far ahead of me in terms of self-awareness. When I was in the third grade I literally thought I might be a thundercat.,humorous,joke,Macklemore was pretty far ahead of me in terms of self-awareness. When I was in the third grade I literally thought I might be a thundercat.,117,6.5823588371276855
"Question: who is elizabeth from general hospital who are the boys fathers

Answer:",Elizabeth Imogene Webber (formerly Lansing and Spencer) is a fictional character on the ABC Daytime soap opera General Hospital .,serious,wiki_qa,Q: who is elizabeth from general hospital who are the boys fathers,926,-0.6475023627281189
"Question: when did the civil rights movement begin

Answer:",The civil rights movement was a series of worldwide political movements for equality before the law that peaked in the 1960s.,serious,wiki_qa,Q: when did the civil rights movement begin,512,-7.987302780151367
"Question: where is rolling rock brewed

Answer:","The brand was sold to Anheuser-Busch of St. Louis, Missouri , in mid 2006, which transferred brewing operations to New Jersey.",serious,wiki_qa,Q: where is rolling rock brewed,552,-3.566244602203369
"Question: how many times has a player hit for the cycle

Answer:","The cycle is roughly as common as a no-hitter (279 occurrences in MLB history); it has been called ""one of the rarest"" and ""most difficult feats"" in baseball.",serious,wiki_qa,Q: how many times has a player hit for the cycle,590,0.26320746541023254
Tell me something:,"I recently purchased a teddy bear for 10 And named it Mohammed, then sold it for 20. My question is.....have I made a Prophet?",humorous,joke,"I recently purchased a teddy bear for 10 And named it Mohammed, then sold it for 20. My question is.....have I made a Prophet?",126,3.8306937217712402
Tell me something:,Opened a can of expired beans and an eagle flew out carrying a photo of a can of fresh beans. I nervously ate the photo while he observed.,humorous,joke,Opened a can of expired beans and an eagle flew out carrying a photo of a can of fresh beans. I nervously ate the photo while he observed.,116,7.304617404937744
Tell me something:,"The necrophilia is strong with this one This is my best friend. She enjoys pina coladas, long walks on the beach, and the feeling of cold dead skin upon her body. http://imgur.com/Rie20hf",humorous,joke,"The necrophilia is strong with this one This is my best friend. She enjoys pina coladas, long walks on the beach, and the feeling of cold dead skin upon her body. http://imgur.com/Rie20hf",473,5.8203959465026855
"Question: how does lsd impact the human body

Answer:","LSD is non-addictive, is not known to cause brain damage, and has extremely low toxicity relative to dose .",serious,wiki_qa,Q: how does lsd impact the human body,759,-4.717787265777588
Tell me something:,"What is the difference between a circus and a whorehouse?[NSFW[ One is an array of cunning stunts and the other is an array of stunning c*nts EDIT: R.I.P. inbox, this really blew up unexpectedly",humorous,joke,"What is the difference between a circus and a whorehouse?[NSFW[ One is an array of cunning stunts and the other is an array of stunning c*nts EDIT: R.I.P. inbox, this really blew up unexpectedly",57,5.158236026763916
"Question: where to buy potato bread made without wheat

Answer:","It is available as a commercial product in many countries, with similar variations in ingredients, cooking method, and other variables.",serious,wiki_qa,Q: where to buy potato bread made without wheat,672,-5.2461676597595215
"Question: where is the chupacabra found

Answer:","The Chupacabra or Chupacabras (, from chupar ""to suck"" and cabra ""goat"", literally ""goat sucker"") is a legendary cryptid rumored to inhabit parts of the Americas .",serious,wiki_qa,Q: where is the chupacabra found,909,-1.1240487098693848
Tell me something:,Does anyone have a recipe for sausage and apples? I asked my girlfriend what she wanted tonight and she said she could use a wiener in cider.,humorous,joke,Does anyone have a recipe for sausage and apples? I asked my girlfriend what she wanted tonight and she said she could use a wiener in cider.,369,4.590256214141846
Tell me something:,"If you were stranded on a deserted island, what's one thing you'd bring with you? A boat.",humorous,joke,"If you were stranded on a deserted island, what's one thing you'd bring with you? A boat.",268,2.383380651473999
Tell me something:,My dick is so average... It's struggling with student loan debt but doesn't even use it's degree... Or Can handle about 5-6 beers before it's totally useless Or Its like the Toyota corolla of dicks,humorous,joke,My dick is so average... It's struggling with student loan debt but doesn't even use it's degree... Or Can handle about 5-6 beers before it's totally useless Or Its like the Toyota corolla of dicks,46,7.648008823394775
Tell me something:,Need help getting these blackheads off my face How do I politely ask these nice African American gentleman to take turns ?,humorous,joke,Need help getting these blackheads off my face How do I politely ask these nice African American gentleman to take turns ?,349,2.9465420246124268
Tell me something:,"What's the difference... ...between a piano, a fish, and glue? You can tune a piano but you can't tuna fish """"What about the glue?"""" I knew you'd get stuck on that.",humorous,joke,"What's the difference... ...between a piano, a fish, and glue? You can tune a piano but you can't tuna fish """"What about the glue?"""" I knew you'd get stuck on that.",195,6.768390655517578
"Question: what causes thunder sound

Answer:","In turn, this expansion of air creates a sonic shock wave, similar to a sonic boom , which produces the sound of thunder, often referred to as a clap, crack, or peal of thunder.",serious,wiki_qa,Q: what causes thunder sound,996,-2.8982112407684326
"Question: how many US soldiers killed in Iraq war

Answer:","A total of 4,486 U.S. soldiers were killed in Iraq between 2003 and 2012.",serious,wiki_qa,Q: how many US soldiers killed in Iraq war,944,-6.944742202758789
"Question: what are warehouse spreadsheets used for

Answer:",The data may pass through an operational data store for additional operations before they are used in the DW for reporting.,serious,wiki_qa,Q: what are warehouse spreadsheets used for,734,-6.666067600250244
Tell me something:,Why is Biotite the hottest mineral? Excellent cleavage.,humorous,joke,Why is Biotite the hottest mineral? Excellent cleavage.,263,-0.8618703484535217
Tell me something:,"Yes I brought my own shot glasses and started a party at my table, but is that really a reason to throw someone out? Worst library ever.",humorous,joke,"Yes I brought my own shot glasses and started a party at my table, but is that really a reason to throw someone out? Worst library ever.",443,7.0573320388793945
"Question: what is a full job time??

Answer:",Full-time employment is employment in which a person works a minimum number of hours defined as such by his/her employer.,serious,wiki_qa,Q: what is a full job time??,673,-6.515221118927002
Tell me something:,I had diarrhea and had some jalapeno sauce That came out badly,humorous,joke,I had diarrhea and had some jalapeno sauce That came out badly,304,3.872105121612549
Tell me something:,"Hilary Clinton, Bill O'Reilly and Brian Williams walk into a bar Well not necessarily a bar per se and they didn't actually walk in and they weren't together...Ok I made it all up",humorous,joke,"Hilary Clinton, Bill O'Reilly and Brian Williams walk into a bar Well not necessarily a bar per se and they didn't actually walk in and they weren't together...Ok I made it all up",341,7.15792989730835
"Question: what is a dogs classification

Answer:","The domestic dog (Canis lupus familiaris) is a subspecies of the gray wolf (Canis lupus), a member of the Canidae family of the mammalian order Carnivora .",serious,wiki_qa,Q: what is a dogs classification,963,-6.116307735443115
Tell me something:,I bumped into the inventor of the selfie today His face was a picture,humorous,joke,I bumped into the inventor of the selfie today His face was a picture,149,7.238076210021973
Tell me something:,Two flies are on a toilet seat. One gets pissed off.,humorous,joke,Two flies are on a toilet seat. One gets pissed off.,124,3.368018627166748
"Question: when the wind blows james patterson

Answer:",When the Wind Blows is a novel by James Patterson .,serious,wiki_qa,Q: when the wind blows james patterson,784,-1.7708563804626465
Tell me something:,"You're so vain, you probably think me driving by your house 27 times at 2 a.m. wearing all black with binoculars is about you, don't you.",humorous,joke,"You're so vain, you probably think me driving by your house 27 times at 2 a.m. wearing all black with binoculars is about you, don't you.",50,9.656259536743164
Tell me something:,"*speed dating* I'm a competitive eater! Date: Are you any good? [grabbing my suitcase, dumping 45 hotdogs on table] funny you should ask",humorous,joke,"*speed dating* I'm a competitive eater! Date: Are you any good? [grabbing my suitcase, dumping 45 hotdogs on table] funny you should ask",353,7.5375590324401855
"Question: what state is jakarta in?

Answer:","Jakarta (), officially known as the Special Capital Region of Jakarta (), is the capital and largest city of Indonesia .",serious,wiki_qa,Q: what state is jakarta in?,924,-5.75594425201416
Tell me something:,I'm a lot like a pair of testicles. Cause I'm nuts in the sack.,humorous,joke,I'm a lot like a pair of testicles. Cause I'm nuts in the sack.,142,10.096982955932617
Tell me something:,Kids are like tornadoes They're neat to watch but you can't help but be scared when they head for your house,humorous,joke,Kids are like tornadoes They're neat to watch but you can't help but be scared when they head for your house,470,8.848112106323242
Tell me something:,Why was the rooster angry? He just found his chicken strips. (Courtesy of my creative bartender pal),humorous,joke,Why was the rooster angry? He just found his chicken strips. (Courtesy of my creative bartender pal),399,6.947625637054443
"Question: how does flexible spending account work

Answer:","An FSA allows an employee to set aside a portion of earnings to pay for qualified expenses as established in the cafeteria plan, most commonly for medical expenses but often for dependent care or other expenses.",serious,wiki_qa,Q: how does flexible spending account work,669,-7.430970668792725
Tell me something:,"I thought you were good looking, until I clicked """"view more pictures""""",humorous,joke,"I thought you were good looking, until I clicked """"view more pictures""""",320,7.169905185699463
Tell me something:,What do you call an Indian man standing on one leg? Balan Singh.,humorous,joke,What do you call an Indian man standing on one leg? Balan Singh.,19,4.110057353973389
"Question: where is keith whitley from

Answer:","Jackie Keith Whitley (July 1, 1954Stambler, Irwin, and Grelun Landon (2000). - Country Music: The Encyclopedia. - New York: St. Martin's Press. - p.533. - ISBN 978-0-312-26487-1.—Carlin, Richard (2003). - Country Music: A Biographical Dictionary. - New York: Routledge - p.427. - ISBN 978-0-415-93802-0.—Larkin, Colin (1995). - The Guinness Encyclopedia of Popular Music. - New York: Stockton Press - P.4462. - ISBN 978-0-85112-662-3.—Stanton, Scott (2003). - The Tombstone Tourist: Musicians. - New York: Pocket Books. - p.395. - ISBN 978-0-7434-6330-0.—Hicks, Jack. - ""Singer Keith Whitley's Memory Alive Through Songs, Love in Home Town"". - The Kentucky Post . - September 25, 1991.—""Country Music Star Keith Whitley Dead at 33"". - Lexington Herald-Leader . - May 10, 1989.——Hurst, Jack. - ""Whitley's Last Days"". - Chicago Tribune . - May 14, 1989.—""Alcohol Kills Country Singer Keith Whitley"". - United Press International . - (c/o The San Francisco Chronicle ). - May 10, 1989. — May 9, 1989), known professionally as Keith Whitley, was an American country music singer.",serious,wiki_qa,Q: where is keith whitley from,806,-0.8217973709106445
"Question: what is feedback mechanism in plants during respiration

Answer:","Cellular respiration is the set of the metabolic reactions and processes that take place in the cells of organisms to convert biochemical energy from nutrients into adenosine triphosphate (ATP), and then release waste products.",serious,wiki_qa,Q: what is feedback mechanism in plants during respiration,788,-9.567889213562012
"Question: what westerners include in pain and suffering

Answer:","Some damages that might be under this category would be: aches, temporary and permanent limitations on activity, potential shortening of life, depression or scarring .",serious,wiki_qa,Q: what westerners include in pain and suffering,970,-3.5374691486358643
Tell me something:,Yo momma so poor...[original] she vote for Obama cos she want change ahhh thank you ill be here all week,humorous,joke,Yo momma so poor...[original] she vote for Obama cos she want change ahhh thank you ill be here all week,407,10.329268455505371
"Question: what is the use of a sales invoice?

Answer:","An invoice or bill is a commercial document issued by a seller to a buyer , indicating the products , quantities, and agreed prices for products or services the seller has provided the buyer.",serious,wiki_qa,Q: what is the use of a sales invoice?,537,-10.190888404846191
"Question: what is vitamin b12 used for

Answer:","It is normally involved in the metabolism of every cell of the human body, especially affecting DNA synthesis and regulation, but also fatty acid synthesis and energy production.",serious,wiki_qa,Q: what is vitamin b12 used for,793,-7.194427490234375
Tell me something:,What did the hungry terrorist say when he went on a vacation to Hawaii? ***ALOHA SNACKBAR***,humorous,joke,What did the hungry terrorist say when he went on a vacation to Hawaii? ***ALOHA SNACKBAR***,38,8.423076629638672
Tell me something:,"One of my friends had a baby today, and another got a puppy. I think we all know which one I'm going to visit.",humorous,joke,"One of my friends had a baby today, and another got a puppy. I think we all know which one I'm going to visit.",175,4.801030158996582
Tell me something:,What do you get if you cross a trumpet and a  serpent ? A snake in the brass !,humorous,joke,What do you get if you cross a trumpet and a  serpent ? A snake in the brass !,245,6.565450668334961
"Question: who sang that song-a change is going to come

Answer:","""A Change Is Gonna Come"" is a 1964 single by R&B singer-songwriter Sam Cooke , written and first recorded in 1963 and released under the RCA Victor label shortly after his death in late 1964.",serious,wiki_qa,Q: who sang that song-a change is going to come,825,-3.0460968017578125
"Question: who is on the hundred dollar bill

Answer:","U.S. statesman, inventor, and diplomat Benjamin Franklin is currently featured on the obverse of the bill.",serious,wiki_qa,Q: who is on the hundred dollar bill,666,-4.290666580200195
"Question: how does sedimentary rock form

Answer:",Sedimentary rocks are types of rock that are formed by the deposition of material at the Earth 's surface and within bodies of water.,serious,wiki_qa,Q: how does sedimentary rock form,752,-9.931160926818848
"Question: where did mark jackson play pro basketball?

Answer:","A point guard from St. John's University , he played for the New York Knicks , Indiana Pacers , Los Angeles Clippers , Denver Nuggets , Toronto Raptors , Utah Jazz and Houston Rockets in the NBA in a career spanning from 1987 to 2004.",serious,wiki_qa,Q: where did mark jackson play pro basketball?,855,-3.7616465091705322
Tell me something:,What did the winner of the not moving contest get? Atrophy,humorous,joke,What did the winner of the not moving contest get? Atrophy,154,3.6913585662841797
Tell me something:,"Finally got this fire hydrant open, but there was like, the opposite of fire inside",humorous,joke,"Finally got this fire hydrant open, but there was like, the opposite of fire inside",287,7.791380405426025
"Question: how many episodes of Lost were there

Answer:","A total of 121 episodes of Lost were produced, the last of which aired on May 23, 2010.",serious,wiki_qa,Q: how many episodes of Lost were there,601,-4.418910980224609
"Question: what was the first honda car

Answer:",It was launched in March 1964.,serious,wiki_qa,Q: what was the first honda car,569,-3.7712392807006836
"Question: when does air bag deploy

Answer:",It is an occupant restraint system consisting of a flexible fabric envelope or cushion designed to inflate rapidly during an automobile collision .,serious,wiki_qa,Q: when does air bag deploy,741,-5.8588786125183105
Tell me something:,"Why does Star Wars Movies numbering scheme starts with 4,5,6? Because in charge of the numbers, Yoda was",humorous,joke,"Why does Star Wars Movies numbering scheme starts with 4,5,6? Because in charge of the numbers, Yoda was",17,1.791056752204895
Tell me something:,How do you know that a plane from the UK has landed? An hour after its landed its still whining.,humorous,joke,How do you know that a plane from the UK has landed? An hour after its landed its still whining.,127,1.9557591676712036
Tell me something:,Black actors boycott Oscars... No slave or MLK movies this year.,humorous,joke,Black actors boycott Oscars... No slave or MLK movies this year.,322,4.206946849822998
Tell me something:,"Me: *pooping with the door open* Olive Garden Mgr: """"I know what the slogan says ma'am, we aren't THAT kind of family.""""",humorous,joke,"Me: *pooping with the door open* Olive Garden Mgr: """"I know what the slogan says ma'am, we aren't THAT kind of family.""""",255,8.031742095947266
"Question: where did erisa come from

Answer:","The Employee Retirement Income Security Act of 1974 (ERISA) (, codified in part at ) is a federal law which establishes minimum standards for pension plans in private industry and provides for extensive rules on the federal income tax effects of transactions associated with employee benefit plans.",serious,wiki_qa,Q: where did erisa come from,656,-6.662060260772705
"Question: what country is turkey in

Answer:","Turkey is bordered by eight countries: Bulgaria to the northwest; Greece to the west; Georgia to the northeast; Armenia , Iran and the Azerbaijani exclave of Nakhchivan to the east; and Iraq and Syria to the southeast.",serious,wiki_qa,Q: what country is turkey in,961,-5.677533149719238
Tell me something:,"My girl said for every upvote this gets I get one thrust for anal Please do not upvote, her strap-on looks really big.....",humorous,joke,"My girl said for every upvote this gets I get one thrust for anal Please do not upvote, her strap-on looks really big.....",190,7.245509147644043
Tell me something:,"It's not illegal to wear a pinstripe suit & slick back your hair. Then go to a restaurant & ask them if they got """"that thing"""" while winking.",humorous,joke,"It's not illegal to wear a pinstripe suit & slick back your hair. Then go to a restaurant & ask them if they got """"that thing"""" while winking.",115,6.203430652618408
"Question: when did secretariat win

Answer:","Secretariat (March 30, 1970 – October 4, 1989) was an American Thoroughbred racehorse that in 1973 became the first U.S. Triple Crown champion in 25 years.",serious,wiki_qa,Q: when did secretariat win,615,-3.9323840141296387
"Question: who killed julius caesar

Answer:","But the underlying political conflicts had not been resolved, and on the Ides of March (15 March) 44 BC, Caesar was assassinated by a group of senators led by Marcus Junius Brutus .",serious,wiki_qa,Q: who killed julius caesar,606,-4.911019802093506
Tell me something:,Everytime I have sex... It's really hands on.,humorous,joke,Everytime I have sex... It's really hands on.,180,4.549991130828857
Tell me something:,I burnt my Hawaiian Pizza last night. Must use Aloha setting.,humorous,joke,I burnt my Hawaiian Pizza last night. Must use Aloha setting.,301,7.577588081359863
"Question: who owns popeyes chicken

Answer:","Often referred to as Popeyes and sometimes as Popeyes Chicken & Biscuits or Popeyes Chicken & Seafood, It was acquired by Sandy Springs, Georgia -based AFC Enterprises , originally America's Favorite Chicken Company, in 1993.",serious,wiki_qa,Q: who owns popeyes chicken,757,-1.4911950826644897
"Question: what is a ti 82?

Answer:","The TI-82 was designed in 1993 as a stripped down, more user friendly version of the TI-85 , and as a replacement for the TI-81 .",serious,wiki_qa,Q: what is a ti 82?,710,-4.553486347198486
"Question: who passed no child left behind

Answer:","President Bush signing the No Child Left Behind Act at Hamilton H.S. in Hamilton, Ohio .",serious,wiki_qa,Q: who passed no child left behind,721,-2.9488189220428467
"Question: when was the battle at tombstone fought

Answer:","The Gunfight at the O.K. Corral was a gunfight that took place at about 3:00 p.m. on Wednesday, October 26, 1881, in Tombstone , Arizona Territory , and is generally regarded as the most famous gunfight in the history of the American Old West .",serious,wiki_qa,Q: when was the battle at tombstone fought,814,-2.582160234451294
"Question: who played guitar on the kiss album, creatures of the night

Answer:","It is also the band's last album recorded with Ace Frehley credited as an official member (until 1998's Psycho Circus ), and its first album with Vinnie Vincent as the initially uncredited lead guitarist (Vincent would later be credited, but not featured pictorially on the cover, of 1985's reissue of the album ).",serious,wiki_qa,"Q: who played guitar on the kiss album, creatures of the night",660,0.2533736228942871
"Question: how many stars on the first american flag

Answer:",The flag was designed during the American Revolution and features 13 stars to represent the original 13 colonies .,serious,wiki_qa,Q: how many stars on the first american flag,517,-6.943845748901367
"Question: what does 3g network mean

Answer:","3G, short for third Generation, is the third generation of mobile telecommunications technology.",serious,wiki_qa,Q: what does 3g network mean,981,-7.496182441711426
Tell me something:,My daughters took turns tracing each other over and over with chalk. Now it looks like 25 children were murdered in my driveway.,humorous,joke,My daughters took turns tracing each other over and over with chalk. Now it looks like 25 children were murdered in my driveway.,45,5.015742778778076
"Question: when barack obama was born

Answer:","Barack Hussein Obama II (; born August 4, 1961) is the 44th and current President of the United States , the first African American to hold the office.",serious,wiki_qa,Q: when barack obama was born,906,-5.281807899475098
Tell me something:,"The phrase """"Silence is golden"""" doesn't make any sense because duct tape is silver.",humorous,joke,"The phrase """"Silence is golden"""" doesn't make any sense because duct tape is silver.",157,3.934615135192871
"Question: what is considered a large car

Answer:",A full-size car is a marketing term used in North America for an automobile larger than a mid-size car .,serious,wiki_qa,Q: what is considered a large car,940,-5.333636283874512
Tell me something:,Hey is it just me or is there another two-letter pronoun used to refer to oneself as the object of a verb or preposition?,humorous,joke,Hey is it just me or is there another two-letter pronoun used to refer to oneself as the object of a verb or preposition?,171,2.2489099502563477
Tell me something:,"If Donald Trump becomes President, The rest of us should be able to just walk into any hospital & start working as doctors",humorous,joke,"If Donald Trump becomes President, The rest of us should be able to just walk into any hospital & start working as doctors",16,4.12755823135376
"Question: what countries allow gays to openly serve in the military

Answer:","Nations that permit gay people to serve openly in the military include the 4 of the 5 members of the UN Security Council (United States, United Kingdom, France, and Russia), the Republic of China (Taiwan), Australia , Israel , South Africa , Argentina , and all NATO members excluding Turkey .",serious,wiki_qa,Q: what countries allow gays to openly serve in the military,511,-4.950568675994873
Tell me something:,Why should you serve Eggs Benedict on shiny metal dishes? Because there's no plate like chrome for the Hollandaise.,humorous,joke,Why should you serve Eggs Benedict on shiny metal dishes? Because there's no plate like chrome for the Hollandaise.,48,3.6756885051727295
"Question: what color is burgundy

Answer:",The color burgundy is similar to other shades of dark red such as maroon .,serious,wiki_qa,Q: what color is burgundy,968,-4.67262601852417
"Question: what was nixon accused of

Answer:","The scandal eventually led to the resignation of Richard Nixon , the President of the United States, on August 9, 1974 — the only resignation of a U.S. President.",serious,wiki_qa,Q: what was nixon accused of,837,-4.623456001281738
"Question: where is hickory located nc

Answer:","Hickory is a city in Catawba County , with parts also in Burke County and Caldwell County .",serious,wiki_qa,Q: where is hickory located nc,515,-4.452212333679199
"Question: how many spanish speaking people are there in the us

Answer:","According to the 2010 American Community Survey conducted by the U.S. Census Bureau , Spanish is the primary language spoken at home by almost 37 million people aged five or older, a figure more than double that of 1990.",serious,wiki_qa,Q: how many spanish speaking people are there in the us,684,-4.923061370849609
Tell me something:,"I woke my wife one night and said """"The force is awakening."""" She replied, """"Not tonight Hand Solo.""""",humorous,joke,"I woke my wife one night and said """"The force is awakening."""" She replied, """"Not tonight Hand Solo.""""",480,8.478941917419434
Tell me something:,What do you call an Italian at the World Cup Finals? A referee,humorous,joke,What do you call an Italian at the World Cup Finals? A referee,283,3.530400514602661
"Question: what is a PCI port used for

Answer:","Conventional PCI (PCI is an initialism formed from Peripheral Component Interconnect, part of the PCI Local Bus standard and often shortened to just PCI) is a local computer bus for attaching hardware devices in a computer .",serious,wiki_qa,Q: what is a PCI port used for,716,-5.569583415985107
"Question: when is world war hulk movie come

Answer:","""World War Hulk"" is a comic book crossover storyline that ran through a self titled limited series and various other titles published by Marvel Comics in 2007, featuring the Hulk .",serious,wiki_qa,Q: when is world war hulk movie come,653,-2.8249173164367676
Tell me something:,"WHAT are birds so happy about at 7am? What? Oh, right. Pooping while airborne. Good one.",humorous,joke,"WHAT are birds so happy about at 7am? What? Oh, right. Pooping while airborne. Good one.",225,6.810911655426025
Tell me something:,how many computer programmers does it take to change a light bulb? Are you kidding? That's a hardware problem!,humorous,joke,how many computer programmers does it take to change a light bulb? Are you kidding? That's a hardware problem!,26,5.799725532531738
"Question: when will ie9 be released

Answer:","It was released to the public on March 14, 2011.",serious,wiki_qa,Q: when will ie9 be released,780,-4.425227642059326
Tell me something:,Father names his son Bentley. His friend asks - are you stupid? Why would you name your son Bentley?! Father - i don't care. At least i have Bentley now.,humorous,joke,Father names his son Bentley. His friend asks - are you stupid? Why would you name your son Bentley?! Father - i don't care. At least i have Bentley now.,437,6.113840103149414
"Question: what is the singer Stevie Wonders full name

Answer:","Stevland Hardaway Morris (born May 13, 1950 as Stevland Hardaway Judkins), known by his stage name Stevie Wonder, is an American singer, songwriter, and multi-instrumentalist, a child prodigy who developed into one of the most creative musical figures of the late 20th century.",serious,wiki_qa,Q: what is the singer Stevie Wonders full name,948,-3.586082935333252
Tell me something:,I heard about a woman who doesn't use her feet... I really want to meter.,humorous,joke,I heard about a woman who doesn't use her feet... I really want to meter.,364,6.28939962387085
Tell me something:,X is An Independent Variable That don't need no Y.,humorous,joke,X is An Independent Variable That don't need no Y.,229,2.2985079288482666
Tell me something:,Prince Charming: I will awaken her with love's sweet ki-- Sleeping Beauty: five more minutes,humorous,joke,Prince Charming: I will awaken her with love's sweet ki-- Sleeping Beauty: five more minutes,37,5.422768592834473
"Question: how much of earth is covered ocean water

Answer:","Approximately 72% of the planet's surface (~3.6x108 km2) is covered by saline water that is customarily divided into several principal oceans and smaller seas, with the ocean covering approximately 71% of the Earth's surface.",serious,wiki_qa,Q: how much of earth is covered ocean water,962,-6.414771556854248
Tell me something:,"I got in trouble for calling the rape hotline... Apparently it's only for """"victims"""".",humorous,joke,"I got in trouble for calling the rape hotline... Apparently it's only for """"victims"""".",374,6.535315990447998
Tell me something:,"Yo mamma's ghost is so fat... ...even the priest couldn't exorcise her! https://twitter.com/YoMommasGhost BONUS: Yo mamma's ghost is so dumb, she thought a deadlift was a haunted elevator.",humorous,joke,"Yo mamma's ghost is so fat... ...even the priest couldn't exorcise her! https://twitter.com/YoMommasGhost BONUS: Yo mamma's ghost is so dumb, she thought a deadlift was a haunted elevator.",469,10.893319129943848
"Question: how old was monica lewinsky during the affair

Answer:","Monica Samille Lewinsky (born July 23, 1973) is an American woman with whom United States President Bill Clinton admitted to having had an ""improper relationship"" while she worked at the White House in 1995 and 1996.",serious,wiki_qa,Q: how old was monica lewinsky during the affair,964,-3.164966106414795
"Question: how did wild bill's father die

Answer:","He was shot and killed while playing poker in the Nuttal & Mann's Saloon in Deadwood , Dakota Territory (now South Dakota ).",serious,wiki_qa,Q: how did wild bill's father die,847,-0.42100346088409424
"Question: What is Ischemia or infarction?

Answer:",Vascular ischemia of the toes with characteristic cyanosis .,serious,wiki_qa,Q: What is Ischemia or infarction?,905,-7.021229267120361
"Question: what age group is generation x

Answer:","Demographers, historians and commentators use beginning birth dates from the early 1960s to the early 1980s .",serious,wiki_qa,Q: what age group is generation x,723,-4.980823040008545
Tell me something:,Life is like a basketball... It has its ups and downs and is controlled by people that are taller and make more money than you.,humorous,joke,Life is like a basketball... It has its ups and downs and is controlled by people that are taller and make more money than you.,194,3.8461503982543945
"Question: who sang sun city

Answer:","""Sun City"" is a 1985 protest song written by Steven Van Zandt , produced by Van Zandt and Arthur Baker and recorded by Artists United Against Apartheid to convey opposition to the South African policy of apartheid .",serious,wiki_qa,Q: who sang sun city,851,-2.393296003341675
"Question: what is the capacity of the cowboy stadium

Answer:","The maximum capacity of the stadium, including standing room, is 105,000.",serious,wiki_qa,Q: what is the capacity of the cowboy stadium,861,-5.666687488555908
"Question: what is a store confectioner

Answer:","A confectionery store (more commonly referred to as a sweet shop in the United Kingdom, a candy store in the North America, or a lolly shop in Australia) sells confectionery and is usually targeted to children.",serious,wiki_qa,Q: what is a store confectioner,503,-3.960226058959961
"Question: what county is Cambria WI in

Answer:","Cambria is a village in Columbia County , Wisconsin , United States .",serious,wiki_qa,Q: what county is Cambria WI in,966,-5.066854476928711
"Question: what is ethernet gigabit

Answer:","In computer networking , gigabit Ethernet (GbE or 1 GigE) is a term describing various technologies for transmitting Ethernet frames at a rate of a gigabit per second (1,000,000,000 bits per second), as defined by the IEEE 802.3-2008 standard.",serious,wiki_qa,Q: what is ethernet gigabit,827,-5.677137851715088
"Question: what is vitamin b12 used for

Answer:","Vitamin B12, vitamin B12 or vitamin B-12, also called cobalamin, is a water-soluble vitamin with a key role in the normal functioning of the brain and nervous system , and for the formation of blood .",serious,wiki_qa,Q: what is vitamin b12 used for,579,-7.847282886505127
"Question: who plays ethan in my babysitter's a vampire

Answer:","The show follows Ethan Morgan ( Matthew Knight ), who, in the television film, learns that his babysitter Sarah ( Vanessa Morgan ) is a vampire .",serious,wiki_qa,Q: who plays ethan in my babysitter's a vampire,965,0.573821485042572
Tell me something:,What do you call a deaf lesbian? Earmuff,humorous,joke,What do you call a deaf lesbian? Earmuff,162,4.992092609405518
"Question: what caused the world war 2

Answer:",The culmination of events that led to the outbreak of war are generally understood to be the 1939 invasion of Poland by Germany and Soviet Russia and the 1937 invasion of the Republic of China by the Empire of Japan .,serious,wiki_qa,Q: what caused the world war 2,990,-6.534924030303955
Tell me something:,How does a conceptual artist change a light bulb? He calls it a work of art.,humorous,joke,How does a conceptual artist change a light bulb? He calls it a work of art.,152,3.3858373165130615
"Question: when did xbox release

Answer:","It was released on November 15, 2001 in North America, February 22, 2002 in Japan, and March 14, 2002 in Australia and Europe.",serious,wiki_qa,Q: when did xbox release,679,-4.733630657196045
"Question: What is and where is hydraulic fluid found and used for

Answer:",Common hydraulic fluids are based on mineral oil or water.,serious,wiki_qa,Q: What is and where is hydraulic fluid found and used for,746,-8.328691482543945
"Question: What is firebird server

Answer:","The database forked from Borland 's open source edition of InterBase in 2000, but since Firebird 1.5 the code has been largely rewritten.",serious,wiki_qa,Q: What is firebird server,753,-4.194124221801758
Tell me something:,Did you know Lysol kills 99.9% of germs & my toothpaste has tartar control? You would too if you sat in my bathroom without your phone.,humorous,joke,Did you know Lysol kills 99.9% of germs & my toothpaste has tartar control? You would too if you sat in my bathroom without your phone.,111,4.258556842803955
Tell me something:,Why did the fly eat all of the butter? He wanted to become a butterfly!,humorous,joke,Why did the fly eat all of the butter? He wanted to become a butterfly!,226,6.913920879364014
"Question: what are four thirds cameras

Answer:",The Four Thirds system is a standard created by Olympus and Kodak for digital single-lens reflex camera (DSLR) design and development.<ref name='DPReview.com 2001-02-13'>,serious,wiki_qa,Q: what are four thirds cameras,949,-4.527976036071777
Tell me something:,Everyone at this party is talking like a pilot.. ...they all keep saying they have to take off in the morning.,humorous,joke,Everyone at this party is talking like a pilot.. ...they all keep saying they have to take off in the morning.,103,6.849695205688477
Tell me something:,What do you call a handjob in a swimming pool? A pull noodle,humorous,joke,What do you call a handjob in a swimming pool? A pull noodle,421,4.97919225692749
Tell me something:,Me=dad make me a sandwich dad prove you are a sandwich,humorous,joke,Me=dad make me a sandwich dad prove you are a sandwich,419,9.065827369689941
"Question: Who Makes Nexen Tires

Answer:","Nexen Tire is a tire manufacturer, headquartered in Yangsan , South Gyeongsang Province , and Seoul , both in South Korea .",serious,wiki_qa,Q: Who Makes Nexen Tires,810,-4.720852375030518
"Question: what year did disney's animal kingdom lodge open

Answer:","It opened on April 16, 2001.",serious,wiki_qa,Q: what year did disney's animal kingdom lodge open,586,-3.4893949031829834
"Question: how old old is xp operating system

Answer:","Windows XP was released worldwide for retail sale on October 25, 2001, and over 400 million copies were in use in January 2006.",serious,wiki_qa,Q: how old old is xp operating system,778,-5.462981700897217
Tell me something:,Everyone has that psycho ex we pray we'll never run into again. If you don't you're probably it.,humorous,joke,Everyone has that psycho ex we pray we'll never run into again. If you don't you're probably it.,119,9.728726387023926
Tell me something:,"Welcome to Wendy's, Where our credit card numbers are always fresh! Never frozen.",humorous,joke,"Welcome to Wendy's, Where our credit card numbers are always fresh! Never frozen.",53,7.184723854064941
Tell me something:,"My boyfriend is so bad at tongue-twisters, he can't even say """"I love you"""" ONE times fast!!",humorous,joke,"My boyfriend is so bad at tongue-twisters, he can't even say """"I love you"""" ONE times fast!!",151,6.249831676483154
Tell me something:,"I can't get her off my mind, even the wind seems to whisper her name. Never fall in love with a girl named WHOOSHEE FFREWERRREFSHH.",humorous,joke,"I can't get her off my mind, even the wind seems to whisper her name. Never fall in love with a girl named WHOOSHEE FFREWERRREFSHH.",403,7.728907585144043
"Question: what is human chorionic

Answer:","In molecular biology , human chorionic gonadotropin (hCG) is a hormone produced by the fertilized egg after conception .",serious,wiki_qa,Q: what is human chorionic,942,-7.646451473236084
Tell me something:,"New Horizons probe discovers trees on Pluto! Reporters asked """"how can you tell?"""" And NASA said """"from the bark, you dummies!""""",humorous,joke,"New Horizons probe discovers trees on Pluto! Reporters asked """"how can you tell?"""" And NASA said """"from the bark, you dummies!""""",207,4.791928291320801
"Question: When Is Passover Over

Answer:","In Judaism , a day commences at dusk and lasts until the following dusk, thus the first day of Passover only begins after dusk of the 14th of Nisan and ends at dusk of the 15th day of the month of Nisan.",serious,wiki_qa,Q: When Is Passover Over,658,-4.413893222808838
"Question: what is middle class in the us

Answer:","Constituting roughly 15% to 20% of households is the upper or professional middle class consisting of highly educated, salaried professionals and managers.",serious,wiki_qa,Q: what is middle class in the us,937,-6.249159812927246
"Question: where did columbus really land in 1492?

Answer:","During his first voyage in 1492, instead of reaching Japan as he had intended, Columbus landed in the Bahamas archipelago , at a locale he named San Salvador.",serious,wiki_qa,Q: where did columbus really land in 1492?,760,-4.417820930480957
Tell me something:,Q: What do you say when a dog runs away? A: Dog-gone!,humorous,joke,Q: What do you say when a dog runs away? A: Dog-gone!,8,3.7274363040924072
"Question: who plays as big bird

Answer:","Officially performed by Caroll Spinney since 1969, he is an eight-foot two-inch (249 cm) tall bright primrose-yellow bird.",serious,wiki_qa,Q: who plays as big bird,841,-0.1753413826227188
Tell me something:,"New Funny jokes             """" """" :D     2            !!                  ..         :D",humorous,joke,"New Funny jokes             """" """" :D     2            !!                  ..         :D",36,5.702152252197266
Tell me something:,"Remember people, good manners is what separates us from the French.",humorous,joke,"Remember people, good manners is what separates us from the French.",452,4.985783576965332
"Question: where is the seed located in an artichoke

Answer:",The edible matter is buds that form within the flower heads before the flowers come into bloom.,serious,wiki_qa,Q: where is the seed located in an artichoke,651,-3.728562355041504
Tell me something:,"What has 4 legs in the morning, 2 legs in the evening and 6 legs at night? I've trapped it in my bedroom, send help...",humorous,joke,"What has 4 legs in the morning, 2 legs in the evening and 6 legs at night? I've trapped it in my bedroom, send help...",253,3.9873769283294678
Tell me something:,What idiot called them acquaintances instead of bud lights,humorous,joke,What idiot called them acquaintances instead of bud lights,303,7.164603233337402
"Question: what is amoxicillin for?

Answer:","Amoxicillin ( INN ), formerly amoxycillin ( BAN ), and abbreviated amox, is a moderate-spectrum, bacteriolytic, β-lactam antibiotic used to treat bacterial infections caused by susceptible microorganisms .",serious,wiki_qa,Q: what is amoxicillin for?,777,-6.360940456390381
"Question: what are the different types of cross country skiing

Answer:","Cross-country skiing is part of the Nordic skiing sport family, which includes ski jumping , Nordic combined (cross-country skiing and ski jumping), Biathlon (skiing and rifle marksmanship ) and ski-orienteering (which includes map navigation along snow trails and tracks).",serious,wiki_qa,Q: what are the different types of cross country skiing,571,-4.952922344207764
"Question: what is busiest airport in US

Answer:",Hartsfield–Jackson Atlanta International Airport is the busiest single airport in the United States.,serious,wiki_qa,Q: what is busiest airport in US,623,-5.996786117553711
"Question: what is prince williams last name

Answer:","Prince William, Duke of Cambridge (William Arthur Philip Louis; born 21 June 1982), is the elder son of Charles, Prince of Wales , and Diana, Princess of Wales , and third-eldest grandchild of Queen Elizabeth II and Prince Philip, Duke of Edinburgh .",serious,wiki_qa,Q: what is prince williams last name,707,-3.7723755836486816
"Question: what are use taxes?

Answer:",A use tax is a type of excise tax levied in the United States by numerous state governments.,serious,wiki_qa,Q: what are use taxes?,717,-9.056217193603516
Tell me something:,What do you call a dog that can do magic? A labracadabrador.,humorous,joke,What do you call a dog that can do magic? A labracadabrador.,262,5.823259353637695
"Question: what is extreme right wing

Answer:","Far right politics involves support of strong or complete social hierarchy in society, and supports supremacy of certain individuals or groups deemed to be innately superior or preferable who are to be more valued than those deemed to be innately inferior or undesirable.",serious,wiki_qa,Q: what is extreme right wing,610,-3.4202988147735596
Tell me something:,"[Meta] I made a subreddit for anti pickup lines If you want to post an antipick up line, post it to /r/antipickuplines",humorous,joke,"[Meta] I made a subreddit for anti pickup lines If you want to post an antipick up line, post it to /r/antipickuplines",297,4.728453159332275
Tell me something:,I hate when weather reporters talk shit on snow...Like why are u even in the weather biz if ur not down w/ snow,humorous,joke,I hate when weather reporters talk shit on snow...Like why are u even in the weather biz if ur not down w/ snow,414,9.380754470825195
Tell me something:,"Me: Can I pet your dog? Stranger: sure M: one more time S: uh, ok M: again S: maybe you should get your own M: pet S: we have to go M: mine",humorous,joke,"Me: Can I pet your dog? Stranger: sure M: one more time S: uh, ok M: again S: maybe you should get your own M: pet S: we have to go M: mine",150,5.695943832397461
"Question: what country is dubai in

Answer:","Dubai ( ; ', ) is a city in the United Arab Emirates , located within the emirate of the same name.",serious,wiki_qa,Q: what country is dubai in,786,-5.707733631134033
"Question: when did pearl harbor get bombed

Answer:","The attack on Pearl Harbor (called Hawaii Operation or Operation AI by the Japanese Imperial General Headquarters (Operation Z in planning) and the Battle of Pearl Harbor) was a surprise military strike conducted by the Imperial Japanese Navy against the United States naval base at Pearl Harbor , Hawaii, on the morning of December 7, 1941 (December 8 in Japan).",serious,wiki_qa,Q: when did pearl harbor get bombed,640,-5.910542964935303
"Question: when is susan smith eligible for parole

Answer:","According to the South Carolina Department of Corrections , Smith will be eligible for parole on November 4, 2024, after serving a minimum of thirty years.",serious,wiki_qa,Q: when is susan smith eligible for parole,886,-4.307814598083496
"Question: who said give me liberty or give me death

Answer:","""Give me liberty, or give me death!"" is a quotation attributed to Patrick Henry from a speech he made to the Virginia Convention .",serious,wiki_qa,Q: who said give me liberty or give me death,550,-3.0811948776245117
"Question: who is the group enigma

Answer:","The Romanian-born Cretu conceived the Enigma project while working in Germany, but based his recording studio A.R.T. Studios in Ibiza, Spain , from the early 1990s until May 2009, where he has recorded all of Enigma's studio releases to date.",serious,wiki_qa,Q: who is the group enigma,789,-2.0377063751220703
Tell me something:,"In the spirit of bipartisanship and cooperation, I think Trump should offer Hillary Clinton an important role in his administration... Like the ambassadorship to Libya",humorous,joke,"In the spirit of bipartisanship and cooperation, I think Trump should offer Hillary Clinton an important role in his administration... Like the ambassadorship to Libya",488,1.2463915348052979
Tell me something:,If you think marijuana doesn't kill you've obviously never read the bible. People getting stoned to death left and right.,humorous,joke,If you think marijuana doesn't kill you've obviously never read the bible. People getting stoned to death left and right.,147,4.978321552276611
Tell me something:,Dude can you make the stitches spell out ___? http://www.cbc.ca/manitoba/scene/images/Dude%20back%20cover%20%20620.jpg One Joke One Vision.,humorous,joke,Dude can you make the stitches spell out ___? http://www.cbc.ca/manitoba/scene/images/Dude%20back%20cover%20%20620.jpg One Joke One Vision.,146,4.610387325286865
"Question: what do porcupines eat

Answer:","It eats leaves, herbs, twigs and green plants like skunk cabbage and clover and in the winter it may eat bark.",serious,wiki_qa,Q: what do porcupines eat,718,-3.9474568367004395
"Question: how many consoles has xbox 360 sold

Answer:","As of September 30, 2012, 70 million Xbox 360 consoles have been sold worldwide.",serious,wiki_qa,Q: how many consoles has xbox 360 sold,928,-5.140721797943115
"Question: how many books in bible

Answer:",Christian Bibles range from the sixty-six books of the Protestant canon to the eighty-one books of the Ethiopian Orthodox Tewahedo Church canon.,serious,wiki_qa,Q: how many books in bible,737,-4.607398509979248
"Question: when did the word fuck begin

Answer:","It is usually considered to be first attested to around 1475, but it may be considerably older.",serious,wiki_qa,Q: when did the word fuck begin,659,-2.213000535964966
Tell me something:,'Your place or mine?' Is the sexiest response to the question: 'Where shall we bury the body?',humorous,joke,'Your place or mine?' Is the sexiest response to the question: 'Where shall we bury the body?',348,5.522804260253906
Tell me something:,*opens car door to drop kid off at school & sees kool aid instead* If you're here then.. [cut to kid bursting through a wall like 'oh yeah'],humorous,joke,*opens car door to drop kid off at school & sees kool aid instead* If you're here then.. [cut to kid bursting through a wall like 'oh yeah'],463,8.529858589172363
Tell me something:,Irony. The opposite of wrinkly. Thank you. I'll be here all night.,humorous,joke,Irony. The opposite of wrinkly. Thank you. I'll be here all night.,325,7.145931243896484
Tell me something:,What do you call a golf club in the rear of your car? A backseat driver,humorous,joke,What do you call a golf club in the rear of your car? A backseat driver,186,2.8252756595611572
Tell me something:,"A woman noticed her husband standing on the bathroom scale, sucking in his stomach. """"Ha! That's not going to help,"""" she said. """"Sure, it does,"""" he said. """"It's the only way I can see the numbers.""""",humorous,joke,"A woman noticed her husband standing on the bathroom scale, sucking in his stomach. """"Ha! That's not going to help,"""" she said. """"Sure, it does,"""" he said. """"It's the only way I can see the numbers.""""",123,6.570495128631592
"Question: what is adem disease

Answer:","It usually occurs following a viral infection but may appear following vaccination , bacterial or parasitic infection, or even appear spontaneously.",serious,wiki_qa,Q: what is adem disease,850,-6.0087080001831055
"Question: what is impingement of the shoulder

Answer:","Shoulder impingement syndrome, also called painful arc syndrome, supraspinatus syndrome, swimmer's shoulder, and thrower's shoulder, is a clinical syndrome which occurs when the tendons of the rotator cuff muscles become irritated and inflamed as they pass through the subacromial space, the passage beneath the acromion .",serious,wiki_qa,Q: what is impingement of the shoulder,608,-6.50935697555542
Tell me something:,Why can't Edward leave Russia? He's Snowden.,humorous,joke,Why can't Edward leave Russia? He's Snowden.,143,2.798417568206787
"Question: what does the universal law of gravitation state

Answer:",Newton's law of universal gravitation states that every point mass in the universe attracts every other point mass with a force that is directly proportional to the product of their masses and inversely proportional to the square of the distance between them.,serious,wiki_qa,Q: what does the universal law of gravitation state,967,-8.161072731018066
Tell me something:,Pupil: My teacher was mad with me because I didn't know where the Rockies were. Mother: Well next time remember where you put things!,humorous,joke,Pupil: My teacher was mad with me because I didn't know where the Rockies were. Mother: Well next time remember where you put things!,197,4.231686592102051
"Question: what does am and pm stand for

Answer:","The 12-hour clock is a time convention in which the 24 hours of the day are divided into two periods: a.m. (from the Latin ante meridiem, meaning ""before midday"") and p.m. (post meridiem, ""after midday"").",serious,wiki_qa,Q: what does am and pm stand for,609,-5.372678279876709
Tell me something:,Whats the difference between acne and a Priest? Acne doesn't cum on a boys face until he is 13.,humorous,joke,Whats the difference between acne and a Priest? Acne doesn't cum on a boys face until he is 13.,279,3.5431137084960938
Tell me something:,When I die I want my group project members to lower me into my grave so they can let me down one last time,humorous,joke,When I die I want my group project members to lower me into my grave so they can let me down one last time,293,6.2442946434021
Tell me something:,Homeless people are so lucky. They don't have to pay rent and can eat as many pigeons as they want.,humorous,joke,Homeless people are so lucky. They don't have to pay rent and can eat as many pigeons as they want.,400,3.1765811443328857
Tell me something:,In other news.... We now have the most attractive First Lady since Marilyn Monroe.,humorous,joke,In other news.... We now have the most attractive First Lady since Marilyn Monroe.,122,4.850971698760986
Tell me something:,Sorry I'm two hours late for work but I was trying to open a Toaster Strudel icing packet with wet hands.,humorous,joke,Sorry I'm two hours late for work but I was trying to open a Toaster Strudel icing packet with wet hands.,183,6.070669651031494
Tell me something:,What do you call a crazy professor? an academia nut,humorous,joke,What do you call a crazy professor? an academia nut,202,5.123088836669922
Tell me something:,What is Harry Potters abortion spell? Fetus-Deletus,humorous,joke,What is Harry Potters abortion spell? Fetus-Deletus,438,2.6171083450317383
Tell me something:,Why doesn't George RR Martin use twitter? Because he killed all 144 characters -stolen from /r/gameofthrones,humorous,joke,Why doesn't George RR Martin use twitter? Because he killed all 144 characters -stolen from /r/gameofthrones,246,5.427755355834961
Tell me something:,"Boy in the hospital, dying of cancer and grandma misplaces her glasses at the store and buys the first card she finds """"Get Good Soon"""" [8]",humorous,joke,"Boy in the hospital, dying of cancer and grandma misplaces her glasses at the store and buys the first card she finds """"Get Good Soon"""" [8]",415,4.6332688331604
"Question: who sang the nights the lights went out

Answer:",Reba McEntire later covered it in 1991.,serious,wiki_qa,Q: who sang the nights the lights went out,774,-0.8781976699829102
"Question: who is the writer of the beowulf poem?

Answer:",Its composition by an anonymous Anglo-Saxon poet is dated between the 8th and the early 11th century.,serious,wiki_qa,Q: who is the writer of the beowulf poem?,881,-4.943349361419678
"Question: what countries are under the buddhism religion

Answer:","This is the predominant form of Buddhism practiced in China, South Korea, Japan, Taiwan, Singapore, and Vietnam.",serious,wiki_qa,Q: what countries are under the buddhism religion,903,-6.640944957733154
"Question: when did jack lalanne die

Answer:","Francois Henri ""Jack"" LaLanne (September 26, 1914 - January 23, 2011) was an American fitness , exercise , and nutritional expert and motivational speaker who is sometimes called ""the godfather of fitness"" and the ""first fitness superhero.""",serious,wiki_qa,Q: when did jack lalanne die,828,-2.6962814331054688
"Question: what are the side effects for lyme disease

Answer:","Early symptoms may include fever , headache , fatigue , depression , and a characteristic circular skin rash called erythema migrans (EM).",serious,wiki_qa,Q: what are the side effects for lyme disease,884,-7.595569610595703
Tell me something:,What's the difference between a hobo on a tricycle and a well dressed man on a bicycle? A tyre (attire),humorous,joke,What's the difference between a hobo on a tricycle and a well dressed man on a bicycle? A tyre (attire),129,4.058104038238525
"Question: what are the Declaration and Resolves of the First Continental Congress about

Answer:","The Declaration outlined colonial objections to the Intolerable Acts, listed a colonial bill of rights , and provided a detailed list of grievances.",serious,wiki_qa,Q: what are the Declaration and Resolves of the First Continental Congress about,637,-6.302438735961914
Tell me something:,I have a cast iron fetish I guess you could say I'm pansexual,humorous,joke,I have a cast iron fetish I guess you could say I'm pansexual,402,7.733321189880371
"Question: who is the actor that plays harry potter

Answer:","Daniel Radcliffe , who portrays Harry Potter , has been the icon of the film series since the release of the first film in 2001.",serious,wiki_qa,Q: who is the actor that plays harry potter,951,-2.641963243484497
"Question: who was ho chi minh in vietnam war

Answer:","He was a key figure in the foundation of the Democratic Republic of Vietnam in 1945, as well as the People’s Army of Vietnam (PAVN) and the Việt Cộng (NLF or VC) during the Vietnam War .",serious,wiki_qa,Q: who was ho chi minh in vietnam war,832,-6.179169178009033
"Question: what are the catholic gifts of the holy spirit

Answer:","They are: wisdom, understanding, wonder and awe (fear of the Lord) , counsel, knowledge, fortitude, and piety (reverence).",serious,wiki_qa,Q: what are the catholic gifts of the holy spirit,735,-4.6297783851623535
"Question: What Are Mnemonic Devices

Answer:","A mnemonic (, with a silent ""m""), or mnemonic device, is any learning technique that aids information retention.",serious,wiki_qa,Q: What Are Mnemonic Devices,910,-5.2108588218688965
Tell me something:,What concert only costs 45 cents? 50 cent featuring Nickelback.,humorous,joke,What concert only costs 45 cents? 50 cent featuring Nickelback.,219,3.396859884262085
"Question: what do mucous membranes secrete

Answer:","The sticky, thick fluid secreted by the mucous membranes and glands is termed mucus .",serious,wiki_qa,Q: what do mucous membranes secrete,641,-6.022918701171875
"Question: what is section eight housing

Answer:","Section 8 of the Housing Act of 1937 (), often simply known as Section 8, as repeatedly amended, authorizes the payment of rental housing assistance to private landlords on behalf of approximately 3.1 million low-income households.",serious,wiki_qa,Q: what is section eight housing,912,-6.452777862548828
"Question: where did the mayflower land

Answer:","The Mayflower was the ship that in 1620 transported 102 English Pilgrims , including a core group of Separatists , to New England.",serious,wiki_qa,Q: where did the mayflower land,750,-5.685059547424316
"Question: what is reagan known for

Answer:","Domestically, the administration favored reducing government programs and introduced the largest across-the-board tax cuts in American history.",serious,wiki_qa,Q: what is reagan known for,803,-5.299260139465332
"Question: who made hubble telescope

Answer:","The HST was built by the United States space agency NASA , with contributions from the European Space Agency , and is operated by the Space Telescope Science Institute .",serious,wiki_qa,Q: who made hubble telescope,916,-6.638317108154297
"Question: what did st.patrick do

Answer:","He is generally credited with being the first bishop of Armagh , Primate of All Ireland .",serious,wiki_qa,Q: what did st.patrick do,624,-3.4316160678863525
"Question: where does cashmere come from

Answer:","Cashmere wool, usually simply known as cashmere, is a fiber obtained from Cashmere goats and other types of goat .",serious,wiki_qa,Q: where does cashmere come from,835,-5.495151519775391
"Question: when was purple haze by jimi hendrix made?

Answer:","""Purple Haze"" is a song written and recorded by Jimi Hendrix in 1967, released as the second single by The Jimi Hendrix Experience in both the United Kingdom and the United States .",serious,wiki_qa,Q: when was purple haze by jimi hendrix made?,758,-3.933030843734741
Tell me something:,"Hey baby, there's a party in my pants. And urine.. ...Vited.",humorous,joke,"Hey baby, there's a party in my pants. And urine.. ...Vited.",386,9.586623191833496
"Question: where is j.cole from

Answer:","Jermaine Lamarr Cole (born January 28, 1985), better known by his stage name J. Cole, is an American hip-hop recording artist and record producer from Fayetteville, North Carolina .",serious,wiki_qa,Q: where is j.cole from,969,-3.330169200897217
"Question: how did anne frank die

Answer:","Anne Frank and her sister, Margot , were eventually transferred to the Bergen-Belsen concentration camp , where they died of typhus in March 1945.",serious,wiki_qa,Q: how did anne frank die,509,-5.024685859680176
Tell me something:,"*SEXIST* If the man's bathrooms on the left, where is the woman's... Even further left because they HAVE NO RIGHTS!",humorous,joke,"*SEXIST* If the man's bathrooms on the left, where is the woman's... Even further left because they HAVE NO RIGHTS!",267,5.104968070983887
"Question: who sang what a wonderful world

Answer:",It was first recorded by Louis Armstrong and released as a single in 1967.,serious,wiki_qa,Q: who sang what a wonderful world,816,-4.017663955688477
Tell me something:,"A """"gag gift"""" means something completely different to people into BDSM.",humorous,joke,"A """"gag gift"""" means something completely different to people into BDSM.",441,3.5405967235565186
Tell me something:,Why does Santa have such a big sack? He only comes once a year!,humorous,joke,Why does Santa have such a big sack? He only comes once a year!,496,4.784620761871338
Tell me something:,I like my slaves like I like my coffee. Free.,humorous,joke,I like my slaves like I like my coffee. Free.,112,8.791207313537598
"Question: what branch of the military is delta force

Answer:",It was formerly listed as the Combat Applications Group by the Department of Defense but has since been officially re-designated the Army Compartmented Elements (ACE).,serious,wiki_qa,Q: what branch of the military is delta force,691,-2.6077351570129395
Tell me something:,You know what I hate? People that start their statements with rhetorical questions.,humorous,joke,You know what I hate? People that start their statements with rhetorical questions.,232,6.52524995803833
"Question: what is an array in programming

Answer:","In computer science , array programming languages (also known as vector or multidimensional languages) generalize operations on scalars to apply transparently to vectors , matrices , and higher dimensional arrays.",serious,wiki_qa,Q: what is an array in programming,866,-6.996889114379883
"Question: what country is turkey in

Answer:","Turkey (), officially the Republic of Turkey , is a transcontinental country , located mostly on Anatolia in Western Asia and on East Thrace in Southeastern Europe .",serious,wiki_qa,Q: what country is turkey in,607,-6.391582012176514
"Question: when did gary moore die

Answer:","Robert William Gary Moore (4 April 1952 – 6 February 2011), was a Northern Irish musician, most widely recognised as a singer and guitarist.",serious,wiki_qa,Q: when did gary moore die,671,-3.8816123008728027
Tell me something:,What's the difference between Sarah Palin's mouth and her vagina? Only half the things that come out of her vagina are retarded,humorous,joke,What's the difference between Sarah Palin's mouth and her vagina? Only half the things that come out of her vagina are retarded,373,6.584242820739746
"Question: how many times has a player hit for the cycle

Answer:","Cycles are uncommon in Major League Baseball (MLB), and have occurred 294 times since the first by Curry Foley in 1882.",serious,wiki_qa,Q: how many times has a player hit for the cycle,978,-3.033190965652466
"Question: what are the characteristics of an ethnic group

Answer:",Ethnic identity is constantly reinforced through common characteristics which set the group apart from other groups.,serious,wiki_qa,Q: what are the characteristics of an ethnic group,849,-6.16851806640625
Tell me something:,[Restaurant] Waiter: Compliments of the chef. *He opens silver platter and post-it notes with the words 'You're beautiful' pour out*,humorous,joke,[Restaurant] Waiter: Compliments of the chef. *He opens silver platter and post-it notes with the words 'You're beautiful' pour out*,233,3.726616621017456
"Question: what is a bus adapter in a computer?

Answer:","In computer hardware , a host controller, host adapter, or host bus adapter (HBA) connects a host system (the computer ) to other network and storage devices.",serious,wiki_qa,Q: what is a bus adapter in a computer?,783,-7.959582805633545
"Question: what state is the capital in

Answer:","Washington, D.C. has been the capital of the United States since 1800.",serious,wiki_qa,Q: what state is the capital in,676,-5.80637788772583
Tell me something:,Too many kids crying. I'm never having kids.I'm just gonna adopt an adult who has a job already.,humorous,joke,Too many kids crying. I'm never having kids.I'm just gonna adopt an adult who has a job already.,317,6.2380547523498535
"Question: what is the capital city of california.

Answer:",Sacramento is the capital city of the U.S. state of California and the seat of government of Sacramento County .,serious,wiki_qa,Q: what is the capital city of california.,648,-6.1602582931518555
Tell me something:,Do they have a pregnancy test for immaculate conceptions?,humorous,joke,Do they have a pregnancy test for immaculate conceptions?,410,2.683163642883301
"Question: how much does U.S. pay on health care per person

Answer:","In 2006, per-capita spending for health care in Canada was US$3,678; in the U.S., US$6,714.",serious,wiki_qa,Q: how much does U.S. pay on health care per person,895,-5.3625807762146
"Question: how is rfid tag powered

Answer:",Some tags are powered and read at short ranges (a few meters) via magnetic fields ( electromagnetic induction ).,serious,wiki_qa,Q: how is rfid tag powered,709,-6.377602577209473
Tell me something:,"A man walks up to a woman at a bar... """"Hey baby, how about tonight we try the 68 position?"""" """"What's that?"""" """"You give me a blowjob, and I'll owe you 1""""",humorous,joke,"A man walks up to a woman at a bar... """"Hey baby, how about tonight we try the 68 position?"""" """"What's that?"""" """"You give me a blowjob, and I'll owe you 1""""",358,6.979806900024414
Tell me something:,I was gonna make a sodium joke But Na.,humorous,joke,I was gonna make a sodium joke But Na.,258,10.84743595123291
"Question: what is santa's wife's name

Answer:","Her first name is a mystery, though she has been referred to as Mary, Jessica, Layla, Annette, Heidi, or Martha.",serious,wiki_qa,Q: what is santa's wife's name,744,1.451629638671875
"Question: what is mpeg4  avc or sp/asp

Answer:","H.264/MPEG-4 Part 10 or AVC (Advanced Video Coding) is a standard for video compression , and is currently one of the most commonly used formats for the recording, compression, and distribution of high definition video .",serious,wiki_qa,Q: what is mpeg4  avc or sp/asp,627,-6.961862564086914
"Question: who was bush's national security advisor

Answer:","Stephen John Hadley (born February 13, 1947) was the 21st U.S. Assistant to the President for National Security Affairs (commonly referred as National Security Advisor ), serving under President George W. Bush .",serious,wiki_qa,Q: who was bush's national security advisor,632,-4.326395034790039
Tell me something:,What do you call a postmodernist ravioli? An intellectual impasta'.,humorous,joke,What do you call a postmodernist ravioli? An intellectual impasta'.,282,6.010165214538574
Tell me something:,"TIFU by Mixing up my Pastor's Sandwich Order at Subway! Whoops, wrong *sub*.",humorous,joke,"TIFU by Mixing up my Pastor's Sandwich Order at Subway! Whoops, wrong *sub*.",376,8.129199981689453
Tell me something:,"Two scientists walk into a bar... Two scientists walk into a bar. The first asks for H2O. The second asks for H2O, too. The second man dies.",humorous,joke,"Two scientists walk into a bar... Two scientists walk into a bar. The first asks for H2O. The second asks for H2O, too. The second man dies.",384,4.337624549865723
Tell me something:,"I was sad because I had no shoes, until I met a man who had no feet. So I said, """"Got any shoes you're not using?""""",humorous,joke,"I was sad because I had no shoes, until I met a man who had no feet. So I said, """"Got any shoes you're not using?""""",224,8.00436782836914
"Question: what temperature is a salt ice bath

Answer:","A cooling bath, in laboratory chemistry (often but not always organic chemistry ) practice, is a liquid mixture which is used to maintain low temperatures, typically between 13 °C and −196 °C.",serious,wiki_qa,Q: what temperature is a salt ice bath,950,-4.301574230194092
"Question: what are warehouse spreadsheets used for

Answer:",The access layer helps users retrieve data.,serious,wiki_qa,Q: what are warehouse spreadsheets used for,811,-6.35482120513916
Tell me something:,How do you keep the entire front page of Reddit in suspense?,humorous,joke,How do you keep the entire front page of Reddit in suspense?,472,2.7600834369659424
Tell me something:,What do spies say in bed? Shh I'm undercovers,humorous,joke,What do spies say in bed? Shh I'm undercovers,347,7.6057233810424805
"Question: what causes a deficiency in adenosine deaminase

Answer:","Adenosine deaminase deficiency, also called ADA deficiency or ADA-SCID, is an autosomal recessive metabolic disorder that causes immunodeficiency .",serious,wiki_qa,Q: what causes a deficiency in adenosine deaminase,505,-6.742151737213135
"Question: what is a mms message

Answer:",Multimedia Messaging Service (MMS) is a standard way to send messages that include multimedia content to and from mobile phones .,serious,wiki_qa,Q: what is a mms message,639,-8.208909034729004
"Question: when was the american labor union formed

Answer:","Most unions in America are aligned with one of two larger umbrella organizations: the AFL-CIO created in 1955, and the Change to Win Federation which split from the AFL-CIO in 2005.",serious,wiki_qa,Q: when was the american labor union formed,984,-5.2855095863342285
"Question: how much is jk rowling worth

Answer:","The 2008 Sunday Times Rich List estimated Rowling's fortune at £560 million ($798 million), ranking her as the twelfth richest woman in the United Kingdom.",serious,wiki_qa,Q: how much is jk rowling worth,925,-2.035090446472168
"Question: what is a mule in coins

Answer:","In numismatics , a mule is a coin or medal minted with obverse and reverse designs not normally seen on the same piece.",serious,wiki_qa,Q: what is a mule in coins,902,-4.172152996063232
"Question: who wrote white christmas

Answer:","""White Christmas"" is an Irving Berlin song reminiscing about an old-fashioned Christmas setting .",serious,wiki_qa,Q: who wrote white christmas,619,-0.46175530552864075
"Question: What is a surveyors wheel

Answer:","A surveyor's wheel, also called a clickwheel, hodometer, waywiser, trundle wheel , measuring wheel, or perambulator is a device for measuring distance.",serious,wiki_qa,Q: What is a surveyors wheel,852,-4.042233943939209
"Question: what is bourbon made of

Answer:",Bourbon whiskey is a type of American whiskey – a barrel-aged distilled spirit made primarily from corn .,serious,wiki_qa,Q: what is bourbon made of,645,-7.260190963745117
"Question: who did richard nixon refer to as the  silent majority

Answer:","The term was popularized (though not first used) by U.S. President Richard Nixon in a November 3, 1969, speech in which he said, ""And so tonight—to you, the great silent majority of my fellow Americans—I ask for your support.""",serious,wiki_qa,Q: who did richard nixon refer to as the  silent majority,843,-1.239129662513733
"Question: how did mohammed gandhi die

Answer:",He was assassinated on 30 January 1948 by Nathuram Godse who thought Gandhi was too sympathetic to India's Muslims.,serious,wiki_qa,Q: how did mohammed gandhi die,556,-3.808058261871338
"Question: what is .17 hmr caliber

Answer:",".17 Hornady Magnum Rimfire, commonly known as the .17 HMR, is a rimfire rifle cartridge developed by the ammunition company Hornady in 2002.",serious,wiki_qa,Q: what is .17 hmr caliber,954,-5.079195499420166
"Question: WHAT IS THE LENGTH OF A NAUTICAL MILE

Answer:","By international agreement it has been set at 1,852 metres exactly (about 6,076 feet).",serious,wiki_qa,Q: WHAT IS THE LENGTH OF A NAUTICAL MILE,577,-4.627798080444336
"Question: when album love always released

Answer:","Love Always is the debut album of American R&B duo K-Ci & JoJo , released on June 17, 1997, by MCA Records .",serious,wiki_qa,Q: when album love always released,795,-3.2429356575012207
Tell me something:,"A man walks into a bar.. he got a beer, waited the responsible 1 hour, and drove home.",humorous,joke,"A man walks into a bar.. he got a beer, waited the responsible 1 hour, and drove home.",85,5.098237991333008
Tell me something:,"""""Hey kids, you like candy?"""" I said to my own kids, luring them into my van so I could get them to school and be at work on time.",humorous,joke,"""""Hey kids, you like candy?"""" I said to my own kids, luring them into my van so I could get them to school and be at work on time.",242,6.355400562286377
"Question: when slavery abolished

Answer:",In January 1863 President Lincoln freed slaves in the Confederacy through the Emancipation Proclamation .,serious,wiki_qa,Q: when slavery abolished,698,-8.001724243164062
Tell me something:,"So let me get this right. The guys on big bang theory are super smart scientific nerds, yet their elevator is broken?!",humorous,joke,"So let me get this right. The guys on big bang theory are super smart scientific nerds, yet their elevator is broken?!",159,6.951950550079346
"Question: what makes a dwarf planet

Answer:","More explicitly, the International Astronomical Union (IAU) defines a dwarf planet as a celestial body in direct orbit of the Sun that is massive enough for its shape to be controlled by gravitation , but that unlike a planet has not cleared its orbital region of other objects.",serious,wiki_qa,Q: what makes a dwarf planet,524,-6.366082191467285
Tell me something:,t i t t i t t i t t i t t i t t i t t i t t i t t i t t i t t i t t i t ~ just dotting some i's and crossing some t's.,humorous,joke,t i t t i t t i t t i t t i t t i t t i t t i t t i t t i t t i t t i t ~ just dotting some i's and crossing some t's.,35,4.342967987060547
"Question: where is modesto california

Answer:","Modesto ( Spanish for ""modest""), officially the City of Modesto, is the county seat and largest city of Stanislaus County , California , United States .",serious,wiki_qa,Q: where is modesto california,540,-4.285061359405518
Tell me something:,When can a woman make you a millionaire? When you're a billionaire (Credit to Kevin Hart),humorous,joke,When can a woman make you a millionaire? When you're a billionaire (Credit to Kevin Hart),170,5.073607921600342
"Question: who replaced nikita khrushchev

Answer:","Khrushchev's party colleagues removed him from power in 1964, replacing him with Leonid Brezhnev as First Secretary and Alexei Kosygin as Premier.",serious,wiki_qa,Q: who replaced nikita khrushchev,654,-5.888495922088623
"Question: what county is orono maine in

Answer:","Orono is a town in Penobscot County , Maine , United States .",serious,wiki_qa,Q: what county is orono maine in,887,-5.302734851837158
"Question: when did germans enter paris in ww2

Answer:",The Liberation of Paris (also known as the Battle for Paris) took place during World War II from 19 August 1944 until the surrender of the occupying German garrison on 25 August.,serious,wiki_qa,Q: when did germans enter paris in ww2,854,-5.364807605743408
"Question: what is renaissance english

Answer:",The English Renaissance was a cultural and artistic movement in England dating from the late 15th and early 16th centuries to the early 17th century.,serious,wiki_qa,Q: what is renaissance english,844,-7.437946796417236
"Question: What causes rogue waves

Answer:","Rogue waves seem not to have a single distinct cause, but occur where physical factors such as high winds and strong currents cause waves to merge to create a single exceptionally large wave.",serious,wiki_qa,Q: What causes rogue waves,941,-5.810104846954346
"Question: When did F15s first fly

Answer:","The Eagle first flew in July 1972, and entered service in 1976.",serious,wiki_qa,Q: When did F15s first fly,733,-5.244298934936523
Tell me something:,"""""It's summer! Yay! No more school shootings!"""" - American children.",humorous,joke,"""""It's summer! Yay! No more school shootings!"""" - American children.",95,5.42578649520874
"Question: what was the Name the first electronic handheld calculator

Answer:",The ANITA Mark VII and ANITA Mark VIII calculators were launched simultaneously in late 1961 as the world's first all- electronic desktop calculators .,serious,wiki_qa,Q: what was the Name the first electronic handheld calculator,563,-3.664095163345337
Tell me something:,The secret to success is to surround yourself with people that don't know you.,humorous,joke,The secret to success is to surround yourself with people that don't know you.,240,1.3845783472061157
"Question: what is vat tax?

Answer:",A value added tax (VAT) is a form of consumption tax .,serious,wiki_qa,Q: what is vat tax?,742,-10.34306812286377
"Question: who owns exxon mobil

Answer:","It is a direct descendant of John D. Rockefeller 's Standard Oil company, and was formed on November 30, 1999, by the merger of Exxon and Mobil .",serious,wiki_qa,Q: who owns exxon mobil,574,-4.639516830444336
"Question: how are glacier caves formed?

Answer:",A glacier cave is a cave formed within the ice of a glacier .,serious,wiki_qa,Q: how are glacier caves formed?,690,-7.9793314933776855
Tell me something:,"Why am I fat? Every time I fuck your girlfriend, she gives me a cookie",humorous,joke,"Why am I fat? Every time I fuck your girlfriend, she gives me a cookie",460,5.560155868530273
"Question: who accompanied King louis the VII of France on the second crusade

Answer:","The Second Crusade was announced by Pope Eugene III , and was the first of the crusades to be led by European kings, namely Louis VII of France and Conrad III of Germany , with help from a number of other European nobles.",serious,wiki_qa,Q: who accompanied King louis the VII of France on the second crusade,553,-4.829980373382568
"Question: what is high emotional intelligence?

Answer:","Emotional intelligence (EI) is the ability to identify, assess, and control the emotions of oneself, of others, and of groups.",serious,wiki_qa,Q: what is high emotional intelligence?,947,-9.780624389648438
Tell me something:,What do you call a blad man with dandruff? A Snowglobe!,humorous,joke,What do you call a blad man with dandruff? A Snowglobe!,206,5.815964221954346
Tell me something:,"Now if you'll excuse me, I have a cape to wear and whoosh noises to make.",humorous,joke,"Now if you'll excuse me, I have a cape to wear and whoosh noises to make.",392,9.53077507019043
"Question: what kind of earthquake was haiti

Answer:","The 2010 Haiti earthquake was a catastrophic magnitude 7.0 Mw earthquake , with an epicenter near the town of Léogâne ( Ouest Department ), approximately west of Port-au-Prince , Haiti's capital.",serious,wiki_qa,Q: what kind of earthquake was haiti,794,-5.7163214683532715
Tell me something:,I reached my goal of shedding 137 pounds this week It's nice being single again,humorous,joke,I reached my goal of shedding 137 pounds this week It's nice being single again,397,2.233116865158081
"Question: what are add ons

Answer:","Add-on (Mozilla) , a piece of software that enhances and customizes Mozilla-based applications",serious,wiki_qa,Q: what are add ons,766,-6.272691249847412
"Question: what are the side effects for lyme disease

Answer:","Left untreated, later symptoms may involve the joints, heart, and central nervous system .",serious,wiki_qa,Q: what are the side effects for lyme disease,845,-7.669262886047363
Tell me something:,A lot of people are talking about Usain Bolt. I guess it's a running joke.,humorous,joke,A lot of people are talking about Usain Bolt. I guess it's a running joke.,217,3.972264528274536
Tell me something:,"A wise Chinese man once said... """"If a dog barks... its probably undercooked"""".",humorous,joke,"A wise Chinese man once said... """"If a dog barks... its probably undercooked"""".",4,5.706531047821045
"Question: where does the expression ""knocking on wood"" come from

Answer:","Knocking on wood, or to touch wood, refers to the apotropaic tradition in western folklore of literally touching/knocking on wood, or merely stating that you are doing or intend same, in order to avoid "" tempting fate "" after making a favourable observation, a boast, or declaration concerning one's own death.",serious,wiki_qa,"Q: where does the expression ""knocking on wood"" come from",768,0.4912399351596832
"Question: what does a laboratory in a gynecologist office consist of

Answer:","A medical laboratory or clinical laboratory is a laboratory where tests are done on clinical specimens in order to get information about the health of a patient as pertaining to the diagnosis, treatment, and prevention of disease.",serious,wiki_qa,Q: what does a laboratory in a gynecologist office consist of,642,-8.365856170654297
"Question: when us subprime mortgage market collapse

Answer:",The U.S. subprime mortgage crisis was a set of events and conditions that led to a financial crisis and subsequent recession that began in 2008.,serious,wiki_qa,Q: when us subprime mortgage market collapse,894,-7.925491809844971
"Question: where did hurricane katrina begin

Answer:",Hurricane Katrina was the deadliest and most destructive Atlantic hurricane of the 2005 Atlantic hurricane season .,serious,wiki_qa,Q: where did hurricane katrina begin,612,-6.0054707527160645
"Question: What Is the Largest Whale

Answer:","At in length and or more in weight, it is the largest known animal to have ever existed.",serious,wiki_qa,Q: What Is the Largest Whale,738,-4.151808261871338
"Question: when monopoly came out

Answer:","The earliest known design was by the American, Elizabeth Magie , patented in 1904 but existing as early as 1902.",serious,wiki_qa,Q: when monopoly came out,546,-3.4968981742858887
"Question: what county is jennings, la

Answer:","Jennings is a small city in and the parish seat of Jefferson Davis Parish , Louisiana , United States , near Lake Charles .",serious,wiki_qa,"Q: what county is jennings, la",725,-5.041504383087158
"Question: what is sherlock holmes job

Answer:","A London-based ""consulting detective"" whose abilities border on the fantastic, Holmes is famous for his astute logical reasoning , his ability to adopt almost any disguise, and his use of forensic science skills to solve difficult cases.",serious,wiki_qa,Q: what is sherlock holmes job,683,-3.224590539932251
Tell me something:,"$1,000 worth of products were stolen from a Games Workshop today Police are looking for a book and three pots of paint.",humorous,joke,"$1,000 worth of products were stolen from a Games Workshop today Police are looking for a book and three pots of paint.",98,1.3198155164718628
"Question: what freezes faster? hot or cold water?

Answer:","The Mpemba effect, named after Tanzanian student Erasto Mpemba , is the assertion that warmer water can freeze faster than colder water.",serious,wiki_qa,Q: what freezes faster? hot or cold water?,804,-3.5389583110809326
"Question: what composer used sound mass

Answer:","The use of ""chords approaching timbres"" begins with Debussy and Edgard Varèse often carefully scored individual instrumental parts so that they would fuse into one ensemble timbre or sound mass (Erickson 1975, pp. 18 and 21).",serious,wiki_qa,Q: what composer used sound mass,727,-2.5974974632263184
"Question: What is the name of the late Major League  old professor

Answer:","Charles Dillon ""Casey"" Stengel (; July 30, 1890 – September 29, 1975), nicknamed ""The Old Perfessor"", was an American Major League Baseball outfielder and manager .",serious,wiki_qa,Q: What is the name of the late Major League  old professor,573,-1.7782533168792725
Tell me something:,There are three kinds of accountants in the world. Those who can count and those who can't.,humorous,joke,There are three kinds of accountants in the world. Those who can count and those who can't.,406,2.954427480697632
"Question: who are the girls from the bad girls club?

Answer:","The show centers on seven feisty and mischievous women with different backgrounds and personalities, who have a number of psychological and behavioral problems.",serious,wiki_qa,Q: who are the girls from the bad girls club?,502,-0.1881614774465561
Tell me something:,When suffering from insomnia I either count sheep or ask my GF how her day was.,humorous,joke,When suffering from insomnia I either count sheep or ask my GF how her day was.,47,3.422853469848633
Tell me something:,Do you know 25% of woman are seeking help for mental issues? That means 75% are not getting the help they need,humorous,joke,Do you know 25% of woman are seeking help for mental issues? That means 75% are not getting the help they need,32,0.5568323135375977
"Question: how was color introduced in film?

Answer:",The first color cinematography was by means of additive color systems such as the one patented in England by Edward Raymond Turner in 1899 and tested in 1902.,serious,wiki_qa,Q: how was color introduced in film?,779,-4.446081638336182
"Question: what naturally occurring isotopes does cobalt have

Answer:","Naturally occurring cobalt (Co) is composed of 1 stable isotope , 59Co. 28 radioisotopes have been characterized with the most stable being 60Co with a half-life of 5.2714 years, 57Co with a half-life of 271.79 days, 56Co with a half-life of 77.27 days, and 58Co with a half-life of 70.86 days.",serious,wiki_qa,Q: what naturally occurring isotopes does cobalt have,839,-4.491195201873779
Tell me something:,I've been reading a lot about how to live and eat healthier and then not doing anything with that information.,humorous,joke,I've been reading a lot about how to live and eat healthier and then not doing anything with that information.,200,1.8245316743850708
Tell me something:,Why do all black people go to heaven? The Son is attracted to black,humorous,joke,Why do all black people go to heaven? The Son is attracted to black,134,3.9735474586486816
Tell me something:,My friends hate me because I make too many Linkin Park references. but in the end it doesn't even matter.,humorous,joke,My friends hate me because I make too many Linkin Park references. but in the end it doesn't even matter.,27,5.776080131530762
"Question: what does it mean if i'm flat footed?

Answer:","Flat feet (also called pes planus or fallen arches) is a formal reference to a medical condition in which the arch of the foot collapses, with the entire sole of the foot coming into complete or near-complete contact with the ground.",serious,wiki_qa,Q: what does it mean if i'm flat footed?,877,-6.047746658325195
Tell me something:,What has no eyes and four legs? No idea.,humorous,joke,What has no eyes and four legs? No idea.,230,2.899388551712036
Tell me something:,Why doesn't barbie have any kids?,humorous,joke,Why doesn't barbie have any kids?,489,3.420231819152832
"Question: what is a forward in soccer

Answer:","Forwards, also known as strikers, are the players on a team in association football who play nearest to the opposing team's goal, and are therefore principally responsible for scoring goals.",serious,wiki_qa,Q: what is a forward in soccer,772,-6.274099349975586
Tell me something:,I lost both of my arms today... its ok though. I've learned to embrace it,humorous,joke,I lost both of my arms today... its ok though. I've learned to embrace it,378,5.593606472015381
Tell me something:,Did you hear about the gay midget? he just came out of the cabinet.,humorous,joke,Did you hear about the gay midget? he just came out of the cabinet.,288,10.191913604736328
Tell me something:,I'm not the type of person you want to put on speaker during a phone conversation.,humorous,joke,I'm not the type of person you want to put on speaker during a phone conversation.,418,8.307973861694336
"Question: What is caused by the human immunodeficiency virus?

Answer:","Human immunodeficiency virus (HIV) is a lentivirus (slowly replicating retrovirus ) that causes acquired immunodeficiency syndrome (AIDS), a condition in humans in which progressive failure of the immune system allows life-threatening opportunistic infections and cancers to thrive.",serious,wiki_qa,Q: What is caused by the human immunodeficiency virus?,674,-8.108098983764648
Tell me something:,I haven't been able to look at cereal since the time I walked in on my parents having Chex.,humorous,joke,I haven't been able to look at cereal since the time I walked in on my parents having Chex.,391,8.333696365356445
"Question: who is the guy in the wheelchair who is smart

Answer:","Professor Stephen Hawking , known for being a theoretical physicist , has appeared in many works of popular culture .",serious,wiki_qa,Q: who is the guy in the wheelchair who is smart,592,-2.1518568992614746
Tell me something:,Knock Knock Who's there? Oink. Oink Who? Make Up Your Mind...Are You A Pig or an Owl,humorous,joke,Knock Knock Who's there? Oink. Oink Who? Make Up Your Mind...Are You A Pig or an Owl,498,9.250526428222656
Tell me something:,If 8 got laid... she would be fucking without any limits.,humorous,joke,If 8 got laid... she would be fucking without any limits.,138,6.319134712219238
Tell me something:,How did Dairy Queen get pregnant? Burger King forgot to wrap his Whopper.,humorous,joke,How did Dairy Queen get pregnant? Burger King forgot to wrap his Whopper.,62,5.516169548034668
Tell me something:,"Ok honey don't freak out, but someone broke into the house, ate all the ice cream, smashed that picture of your mother, and didn't do the dishes.",humorous,joke,"Ok honey don't freak out, but someone broke into the house, ate all the ice cream, smashed that picture of your mother, and didn't do the dishes.",471,7.598200798034668
"Question: what is 9/11 bombings

Answer:","The September 11 attacks (also referred to as September 11, September 11th, or 9/11) were a series of four coordinated terrorist attacks launched by the Islamic terrorist group al-Qaeda upon the United States in New York City and the Washington, D.C. area on September 11, 2001.",serious,wiki_qa,Q: what is 9/11 bombings,647,-5.8839616775512695
Tell me something:,This tweet has been brought to you by... ...Stay Free Maxi-pads... ...When your uterine lining looks like the elevator from The Shining.,humorous,joke,This tweet has been brought to you by... ...Stay Free Maxi-pads... ...When your uterine lining looks like the elevator from The Shining.,128,7.351315021514893
"Question: what is a medallion guarantee

Answer:",They also limit the liability of the transfer agent who accepts the certificates.,serious,wiki_qa,Q: what is a medallion guarantee,973,-4.856927871704102
"Question: where is basque spoken

Answer:","Basque ( endonym : , ) is the ancestral language of the Basque people , who inhabit the Basque Country , a region spanning an area in northeastern Spain and southwestern France .",serious,wiki_qa,Q: where is basque spoken,520,-6.1110429763793945
"Question: who pulmonary hypertension

Answer:",It was first identified by Dr. Ernst von Romberg in 1891.,serious,wiki_qa,Q: who pulmonary hypertension,838,-3.6772658824920654
"Question: what do jehovah witnesses believe

Answer:","They believe that the destruction of the present world system at Armageddon is imminent, and that the establishment of God's kingdom on earth is the only solution for all problems faced by mankind.",serious,wiki_qa,Q: what do jehovah witnesses believe,959,-3.296949625015259
Tell me something:,I'm shit at telling jokes. I always punch up the fuck line.,humorous,joke,I'm shit at telling jokes. I always punch up the fuck line.,64,8.935128211975098
"Question: what did benedict arnold die

Answer:","He returned to London to settle permanently in 1791, where he died ten years later.",serious,wiki_qa,Q: what did benedict arnold die,812,-3.113546133041382
Tell me something:,"Me: Ur driving me crazy Crazy: Nah, I'm too drunk",humorous,joke,"Me: Ur driving me crazy Crazy: Nah, I'm too drunk",14,9.587096214294434
Tell me something:,I met a girl called simile. I don't know what I metaphor.,humorous,joke,I met a girl called simile. I don't know what I metaphor.,156,5.288175106048584
Tell me something:,Why was the 1 Year old african boy crying? He was having a midlife crisis,humorous,joke,Why was the 1 Year old african boy crying? He was having a midlife crisis,40,3.9436893463134766
Tell me something:,Why is MetLife Stadium the windiest stadium in the NFL? Because there's a Giant fan in every seat.,humorous,joke,Why is MetLife Stadium the windiest stadium in the NFL? Because there's a Giant fan in every seat.,492,2.7710373401641846
Tell me something:,"Lawyers out there, if I see any of my Tweets being used on Comedy Central can I sue..... Oh you don't think that will ever be an issue, okay",humorous,joke,"Lawyers out there, if I see any of my Tweets being used on Comedy Central can I sue..... Oh you don't think that will ever be an issue, okay",379,7.126487731933594
Tell me something:,god created the world in 7 days well it took 9 months to create me so clearly im a big deal,humorous,joke,god created the world in 7 days well it took 9 months to create me so clearly im a big deal,187,4.027423858642578
"Question: where is osaka japan

Answer:","is a city in the Kansai region of Japan's main island of Honshu , a designated city under the Local Autonomy Law , the capital city of Osaka Prefecture and also the largest part of the Keihanshin metropolis, which comprises three major cities of Japan, Kyoto , Osaka and Kobe .",serious,wiki_qa,Q: where is osaka japan,763,-4.927624702453613
Tell me something:,I accidentally got my mom prego... :( She wanted Ragu.,humorous,joke,I accidentally got my mom prego... :( She wanted Ragu.,216,8.00922679901123
"Question: when was malcolm x assassinated

Answer:","In February 1965, less than a year after leaving the Nation of Islam, he was assassinated by three members of the group.",serious,wiki_qa,Q: when was malcolm x assassinated,791,-4.982307434082031
Tell me something:,"Woman hit by train Whats a train doing in a kitchen? (Sexist but creative, not meant to offend anyone.)",humorous,joke,"Woman hit by train Whats a train doing in a kitchen? (Sexist but creative, not meant to offend anyone.)",52,5.28366231918335
"Question: what did chaucer do

Answer:","Chaucer is a crucial figure in developing the legitimacy of the vernacular , Middle English , at a time when the dominant literary languages in England were French and Latin.",serious,wiki_qa,Q: what did chaucer do,878,-5.620779991149902
Tell me something:,if u switch the m&amp;e at the end of memes it spells meems which has the same pronunciation,humorous,joke,if u switch the m&amp;e at the end of memes it spells meems which has the same pronunciation,337,4.26901912689209
"Question: what is social security card used for

Answer:",Its primary purpose is to track individuals for Social Security purposes.,serious,wiki_qa,Q: what is social security card used for,748,-6.881838321685791
"Question: what is the minimalist trend

Answer:","Minimalism describes movements in various forms of art and design, especially visual art and music , where the work is set out to expose the essence or identity of a subject through eliminating all non-essential forms, features or concepts.",serious,wiki_qa,Q: what is the minimalist trend,719,-5.886348247528076
"Question: what does base jumping stand for

Answer:","BASE jumping, also sometimes written as B.A.S.E. jumping, is an activity where participants jump from fixed objects and use a parachute to break their fall.",serious,wiki_qa,Q: what does base jumping stand for,724,-3.96551775932312
Tell me something:,"Hey women, save your money, we just want you wrapped in a bow for Christmas. Wait, don't even worry about buying the bow.",humorous,joke,"Hey women, save your money, we just want you wrapped in a bow for Christmas. Wait, don't even worry about buying the bow.",295,9.866490364074707
"Question: who reports the consumer price index

Answer:","The CPI in the United States is defined by the Bureau of Labor Statistics as ""a measure of the average change over time in the prices paid by urban consumers for a market basket of consumer goods and services.""",serious,wiki_qa,Q: who reports the consumer price index,701,-9.294159889221191
Tell me something:,There is nothing more enjoyable than watching a child being chased by a seagull.,humorous,joke,There is nothing more enjoyable than watching a child being chased by a seagull.,251,4.4831767082214355
"Question: what is the organic layer in an amoled screen

Answer:",This layer of organic semiconductor is situated between two electrodes.,serious,wiki_qa,Q: what is the organic layer in an amoled screen,726,-6.9346842765808105
Tell me something:,"Howabout plastic, reusable tortilla chips where you could just suck the guacamole off them?",humorous,joke,"Howabout plastic, reusable tortilla chips where you could just suck the guacamole off them?",461,3.6985130310058594
Tell me something:,"owl friend Today, my owl buddy told me he was getting married. I replied 'you twit, to who?'",humorous,joke,"owl friend Today, my owl buddy told me he was getting married. I replied 'you twit, to who?'",455,8.186220169067383
"Question: WHO IS HENRY SAMPSON JR.

Answer:","Henry T. Thomas Sampson, Jr. (born in Jackson, Mississippi in 1934) is an African-American inventor.",serious,wiki_qa,Q: WHO IS HENRY SAMPSON JR.,993,-3.634938955307007
"Question: what is a gasser car

Answer:",A gasser was a type of hot rod originating on the dragstrips of the United States in the late 1950s and continued until the early 1970s.,serious,wiki_qa,Q: what is a gasser car,815,-3.3292994499206543
"Question: what year was the 8 track invented

Answer:","Stereo 8 was created in 1964 by a consortium led by Bill Lear of Lear Jet Corporation, along with Ampex , Ford Motor Company , General Motors , Motorola , and RCA Victor Records (RCA).",serious,wiki_qa,Q: what year was the 8 track invented,862,-3.346360445022583
Tell me something:,I told my cat all about Chairman Mao this morning Now she won't shut up about him!,humorous,joke,I told my cat all about Chairman Mao this morning Now she won't shut up about him!,269,9.720898628234863
Tell me something:,A man walks into a bar and says ow,humorous,joke,A man walks into a bar and says ow,201,4.434191703796387
Tell me something:,The fact acceptance movement and the French Revolution are very similar. People losing their heads over eating cake.,humorous,joke,The fact acceptance movement and the French Revolution are very similar. People losing their heads over eating cake.,161,0.6352965235710144
"Question: where is kennywood in pittsburgh

Answer:","Kennywood is an amusement park located in West Mifflin , Pennsylvania , a suburb of Pittsburgh .",serious,wiki_qa,Q: where is kennywood in pittsburgh,555,-4.760619640350342
"Question: who shot franz ferdinand

Answer:","On 28 June 1914, Archduke Franz Ferdinand of Austria , heir presumptive to the Austro-Hungarian throne, and his wife, Sophie, Duchess of Hohenberg , were shot dead in Sarajevo , by Gavrilo Princip , one of a group of six Bosnian Serb assassins coordinated by Danilo Ilić .",serious,wiki_qa,Q: who shot franz ferdinand,729,-4.240357875823975
Tell me something:,I'm a dyslexic tree... My life is A-OK!,humorous,joke,I'm a dyslexic tree... My life is A-OK!,401,7.965529441833496
"Question: what is el morro in puerto rico

Answer:","Castillo San Felipe del Morro also known as Fort San Felipe del Morro or Morro Castle, is a 16th-century citadel located in San Juan, Puerto Rico .",serious,wiki_qa,Q: what is el morro in puerto rico,702,-4.749538898468018
Tell me something:,"A scientific study recently discovered that six out of seven dwarves aren't happy They're Bashful, Dopey, Grumpy, Sleepy, Sneezy, and Doc",humorous,joke,"A scientific study recently discovered that six out of seven dwarves aren't happy They're Bashful, Dopey, Grumpy, Sleepy, Sneezy, and Doc",476,3.1828689575195312
"Question: what year did martin luther king die

Answer:","Martin Luther King, Jr. (January 15, 1929 – April 4, 1968) was an American clergyman, activist, and leader in the African-American Civil Rights Movement .",serious,wiki_qa,Q: what year did martin luther king die,821,-6.364810943603516
"Question: what are tires made of

Answer:","The materials of modern pneumatic tires are synthetic rubber , natural rubber , fabric and wire, along with carbon black and other chemical compounds.",serious,wiki_qa,Q: what are tires made of,771,-8.130946159362793
Tell me something:,Why does nobody laugh at zombie-Peter Pan's jokes? He always tells them with a dead Pan face.,humorous,joke,Why does nobody laugh at zombie-Peter Pan's jokes? He always tells them with a dead Pan face.,105,8.809819221496582
"Question: what is puerto rico currency

Answer:","The peso and dollar have been followed by other contemporary issues, including commemorative banknotes, private currency, and a quarter coin designed with Fort San Felipe del Morro in the face.",serious,wiki_qa,Q: what is puerto rico currency,565,-2.8800315856933594
Tell me something:,That chinese tattoo on your neck must be the symbol for unemployment.,humorous,joke,That chinese tattoo on your neck must be the symbol for unemployment.,389,5.831589221954346
Tell me something:,I don't like telling clever jokes about airplanes. They just go over my head.,humorous,joke,I don't like telling clever jokes about airplanes. They just go over my head.,1,8.233109474182129
"Question: what is cubic ft

Answer:","The term cubic foot is an Imperial and US customary (non- metric ) unit of volume , used in the United States and the United Kingdom.",serious,wiki_qa,Q: what is cubic ft,934,-8.089137077331543
"Question: who makes blackberry

Answer:",The BlackBerry is a line of wireless handheld devices and services designed and marketed by Research In Motion Limited (RIM) operating as BlackBerry .,serious,wiki_qa,Q: who makes blackberry,979,-6.021469593048096
"Question: how much more time does chemo give to people with renal cancer

Answer:","Where the tumor is confined to the renal parenchyma, the 5-year survival rate is 60-70%, but this is lowered considerably where metastases have spread.",serious,wiki_qa,Q: how much more time does chemo give to people with renal cancer,561,-5.581236362457275
Tell me something:,Hiding my rewards card in the bushes by my coffee shop so I don't have to keep freakin' remembering to bring it,humorous,joke,Hiding my rewards card in the bushes by my coffee shop so I don't have to keep freakin' remembering to bring it,80,6.231257438659668
Tell me something:,"I use Reaganomics when I take a shower by only washing my hair, and letting the shampoo trickle down to clean the rest of me.",humorous,joke,"I use Reaganomics when I take a shower by only washing my hair, and letting the shampoo trickle down to clean the rest of me.",205,4.294648170471191
Tell me something:,No YOUR a grammar nazi!,humorous,joke,No YOUR a grammar nazi!,34,10.417861938476562
"Question: what does the family leave act

Answer:",The Family and Medical Leave Act of 1993 (FMLA) is a United States federal law requiring covered employers to provide employees job-protected and unpaid leave for qualified medical and family reasons.,serious,wiki_qa,Q: what does the family leave act,775,-8.146857261657715
"Question: what county is northville mi

Answer:",Northville is an affluent city located in and divided by Oakland and Wayne counties in the U.S. state of Michigan .,serious,wiki_qa,Q: what county is northville mi,508,-5.838990688323975
Tell me something:,What did Mike Tyson ask the really tired Norse god? Are you Thor?,humorous,joke,What did Mike Tyson ask the really tired Norse god? Are you Thor?,427,6.401087284088135
Tell me something:,Can you name a grateful astronomer? How about Neil Degracias Tyson?,humorous,joke,Can you name a grateful astronomer? How about Neil Degracias Tyson?,454,3.3192014694213867
Tell me something:,Where do space monsters live? In far distant terror-tory.,humorous,joke,Where do space monsters live? In far distant terror-tory.,366,4.499564170837402
Tell me something:,The stock market is astrology for people who think they're too good for astrology.,humorous,joke,The stock market is astrology for people who think they're too good for astrology.,91,7.221802711486816
Tell me something:,Kids so mixed... They won't show up in black and white pictures.,humorous,joke,Kids so mixed... They won't show up in black and white pictures.,339,5.917104721069336
"Question: what was the cash and carry lend lease

Answer:","Lend-Lease () was the law that started a program under which the United States of America supplied the United Kingdom , the USSR , Republic of China , Free France , and other Allied nations with materiel between 1941 and 1945.",serious,wiki_qa,Q: what was the cash and carry lend lease,897,-6.454943656921387
"Question: how many bones are in the skeletal system is composed of 306 bones

Answer:","Humans are born with over 270 bones, some of which fuse together into a longitudinal axis, the axial skeleton , to which the appendicular skeleton is attached.",serious,wiki_qa,Q: how many bones are in the skeletal system is composed of 306 bones,564,-4.6685590744018555
Tell me something:,Damn you autocorrect for making me look like an idiom. Always trying to make a tool out of me.,humorous,joke,Damn you autocorrect for making me look like an idiom. Always trying to make a tool out of me.,345,10.537883758544922
"Question: what is civil engineering aBOUT

Answer:","Civil engineering is a professional engineering discipline that deals with the design, construction, and maintenance of the physical and naturally built environment, including works like roads, bridges, canals , dams, and buildings.",serious,wiki_qa,Q: what is civil engineering aBOUT,776,-11.476874351501465
Tell me something:,What do you call the ghost who is a  child-rearing expert? Dr Spook.,humorous,joke,What do you call the ghost who is a  child-rearing expert? Dr Spook.,241,4.753859519958496
Tell me something:,"DATE: *gets in car* ME: hi *starts driving* DATE: how's it going? ME: first, gas is sparked in the combustion chamber to push the pistons",humorous,joke,"DATE: *gets in car* ME: hi *starts driving* DATE: how's it going? ME: first, gas is sparked in the combustion chamber to push the pistons",13,3.813540458679199
Tell me something:,Me: it's robocop Wife: it's not robocop it's dangerous *a roomba with a gun taped to it is shooting at our cat*,humorous,joke,Me: it's robocop Wife: it's not robocop it's dangerous *a roomba with a gun taped to it is shooting at our cat*,315,6.552731990814209
"Question: what fantasy american football means

Answer:",Fantasy football is an interactive competition in which users compete against each other as general managers of virtual teams.,serious,wiki_qa,Q: what fantasy american football means,600,-4.780702590942383
Tell me something:,What machine should I use at the gym to impress girls? The ATM,humorous,joke,What machine should I use at the gym to impress girls? The ATM,387,1.7359782457351685
Tell me something:,I had a winning lottery ticket but I couldn't cash it in before it expired and now I get nothing. I am *such* a Democrat.,humorous,joke,I had a winning lottery ticket but I couldn't cash it in before it expired and now I get nothing. I am *such* a Democrat.,273,4.854036331176758
Tell me something:,"[sees girl reading Lord of the Rings] """"Ah I love that book. The way that guy is just [clenches fist] the Lord of all those freakin rings.""""",humorous,joke,"[sees girl reading Lord of the Rings] """"Ah I love that book. The way that guy is just [clenches fist] the Lord of all those freakin rings.""""",166,7.245336055755615
"Question: where is shropshire, uk

Answer:","Shropshire ( or ; alternatively Salop; abbreviated, in print only, Shrops) is a county in the West Midlands region of England.",serious,wiki_qa,"Q: where is shropshire, uk",840,-4.629997730255127
"Question: what year was gulf war

Answer:","The Gulf War (2 August 1990 – 28 February 1991), codenamed Operation Desert Storm (17 January 1991 – 28 February 1991) was a war waged by a U.N.-authorized Coalition force from 34 nations led by the United States , against Iraq in response to Iraq's invasion and annexation of Kuwait .",serious,wiki_qa,Q: what year was gulf war,989,-5.45562744140625
"Question: how much is 1 tablespoon of water

Answer:",This tablespoon has a capacity of about 15 mL.,serious,wiki_qa,Q: how much is 1 tablespoon of water,646,-3.5124950408935547
"Question: how old is beatrice author

Answer:","Beatrice ""Bea"" Arthur (May 13, 1922 – April 25, 2009) was an American actress, comedienne, and singer whose career spanned seven decades.",serious,wiki_qa,Q: how old is beatrice author,818,-3.293386220932007
Tell me something:,Acid... The taste you can see!,humorous,joke,Acid... The taste you can see!,484,5.084621906280518
"Question: how many seasons of grey's anatomy are there

Answer:","On May 11, 2012, the series was renewed for a ninth season, which premiered on September 27, 2012.",serious,wiki_qa,Q: how many seasons of grey's anatomy are there,977,-4.002954483032227
"Question: what does life insurance cover?

Answer:","Life insurance is a contract between an insured (insurance policy holder) and an insurer , where the insurer promises to pay a designated beneficiary a sum of money (the ""benefits"") upon the death of the insured person.",serious,wiki_qa,Q: what does life insurance cover?,504,-8.430697441101074
"Question: what westerners include in pain and suffering

Answer:",Pain and suffering is the legal term for the physical and emotional stress caused from an injury (see also pain and suffering ).,serious,wiki_qa,Q: what westerners include in pain and suffering,831,-5.946197509765625
Tell me something:,"What did the elephant say to the naked man """"How do you breath through that thing?!""""",humorous,joke,"What did the elephant say to the naked man """"How do you breath through that thing?!""""",243,7.484230995178223
"Question: who built the globe

Answer:","It was built in 1599 by Shakespeare's playing company , the Lord Chamberlain's Men , on land owned by Thomas Brend and inherited by his son, Nicholas Brend and grandson Sir Matthew Brend , and was destroyed by fire on 29 June 1613.",serious,wiki_qa,Q: who built the globe,566,-3.325361490249634
"Question: how many people live in atlanta georgia

Answer:","Atlanta is the cultural and economic center of the Atlanta metropolitan area , home to 5,457,831 people and the ninth largest metropolitan area in the United States.",serious,wiki_qa,Q: how many people live in atlanta georgia,875,-5.148160934448242
"Question: where are facial sinuses

Answer:","Paranasal sinuses are a group of four paired air-filled spaces that surround the nasal cavity ( maxillary sinuses ), above the eyes ( frontal sinuses ), between the eyes ( ethmoid sinuses ), and behind the ethmoids ( sphenoid sinuses ).",serious,wiki_qa,Q: where are facial sinuses,562,-6.361382484436035
"Question: what are dialysis tubes

Answer:",Dialysis tubing is a type of semi- or partially permeable membrane tubing made from regenerated cellulose or cellophane .,serious,wiki_qa,Q: what are dialysis tubes,686,-6.845708847045898
Tell me something:,Why can't Asian parents make a white baby? Because two wongs don't make a white,humorous,joke,Why can't Asian parents make a white baby? Because two wongs don't make a white,189,5.1707072257995605
"Question: what are social security taxes

Answer:","Tax deposits are formally entrusted to the Federal Old-Age and Survivors Insurance Trust Fund, the Federal Disability Insurance Trust Fund, the Federal Hospital Insurance Trust Fund, or the Federal Supplementary Medical Insurance Trust Fund which comprise the Social Security Trust Fund .",serious,wiki_qa,Q: what are social security taxes,782,-6.390376567840576
"Question: What does Rapture meaning in a theological sense?

Answer:","The Rapture is a term in Christian eschatology which refers to the ""being caught up"" discussed in 1 Thessalonians 4:17, when the ""dead in Christ"" and ""we who are alive and remain"" will be ""caught up in the clouds"" to meet ""the Lord in the air"".",serious,wiki_qa,Q: What does Rapture meaning in a theological sense?,699,-3.946338415145874
Tell me something:,What greek letter is always sad? Psi...,humorous,joke,What greek letter is always sad? Psi...,475,3.8256239891052246
"Question: what are spoilers for

Answer:",Some spoilers are added to cars primarily for styling purposes and have either little aerodynamic benefit or even make the aerodynamics worse.,serious,wiki_qa,Q: what are spoilers for,681,-4.106520652770996
"Question: what state is Mn

Answer:",Minnesota () is a U.S. state located in the Midwestern United States .,serious,wiki_qa,Q: what state is Mn,510,-7.33144998550415
Tell me something:,"Apart from the name, what similarities do pencil rubbers and rubber johnnys share? They both erase mistakes.",humorous,joke,"Apart from the name, what similarities do pencil rubbers and rubber johnnys share? They both erase mistakes.",58,0.7900444865226746
Tell me something:,What happens when a T-rex gets strep? His throat becomes saurus.,humorous,joke,What happens when a T-rex gets strep? His throat becomes saurus.,474,4.8948493003845215
"Question: what is black hairy tongue disease

Answer:","Black hairy tongue (BHT, also termed lingua villosa nigra) refers to a condition of the tongue where the filiform papillae elongate with black or brown discoloration, giving a black and hairy appearance.",serious,wiki_qa,Q: what is black hairy tongue disease,560,-4.890268325805664
"Question: how much total wealth in USA

Answer:","Including human capital such as skills, the United Nations estimated the total wealth of the United States in 2008 to be $118 trillion.",serious,wiki_qa,Q: how much total wealth in USA,856,-5.880802631378174
"Question: how a rocket engine works

Answer:","A rocket engine, or simply ""rocket"", is a jet engine that uses only stored propellant mass for forming its high speed propulsive jet .",serious,wiki_qa,Q: how a rocket engine works,747,-7.701255798339844
Tell me something:,Why don't Rooster's wear underwear? Because their pecker's on their face,humorous,joke,Why don't Rooster's wear underwear? Because their pecker's on their face,252,5.556298732757568
Tell me something:,"The son to his dad * Son - Dad at last i lost my virginity- * Dad -OH! so good son, i am proud of you, come on, sit here and tell me- * Son -I don't think i could sit for a while",humorous,joke,"The son to his dad * Son - Dad at last i lost my virginity- * Dad -OH! so good son, i am proud of you, come on, sit here and tell me- * Son -I don't think i could sit for a while",21,7.281446933746338
Tell me something:,"I mean I married my wife for her looks, but not the dirty ones she's been giving me lately.",humorous,joke,"I mean I married my wife for her looks, but not the dirty ones she's been giving me lately.",313,7.962393283843994
Tell me something:,What do you call Ralph Nader's alter ego? His alter-nader,humorous,joke,What do you call Ralph Nader's alter ego? His alter-nader,459,3.7719523906707764
Tell me something:,"My then 7 yo son came up with this one. Warning: NSFL (I think. This is /r/Jokes, so...) Knock knock *Who's there?* Ala *Ala who?* Ala oo akbar!!! Bkhkhkhhhhhhhh!!! (explosion sound) :P",humorous,joke,"My then 7 yo son came up with this one. Warning: NSFL (I think. This is /r/Jokes, so...) Knock knock *Who's there?* Ala *Ala who?* Ala oo akbar!!! Bkhkhkhhhhhhhh!!! (explosion sound) :P",160,8.18437671661377
Tell me something:,I just shortened my to-do list by 90% simply by crossing off everything that would cause me to make the evening news.,humorous,joke,I just shortened my to-do list by 90% simply by crossing off everything that would cause me to make the evening news.,276,3.896960973739624
"Question: who is the mayor of chicago 2011

Answer:",Rahm Emanuel won the race for mayor with more than 55% of the vote.,serious,wiki_qa,Q: who is the mayor of chicago 2011,955,-4.537408828735352
Tell me something:,So I attempt to shoot myself with this gun? Do I whack off during or after? (Kid who grew up on Chatroulette playing Russian Roulette),humorous,joke,So I attempt to shoot myself with this gun? Do I whack off during or after? (Kid who grew up on Chatroulette playing Russian Roulette),191,7.051297187805176
Tell me something:,"FACT: If you can trick a British person into saying their name backwards, they have to become your butler.",humorous,joke,"FACT: If you can trick a British person into saying their name backwards, they have to become your butler.",385,5.486057281494141
"Question: how many ports are there in networking

Answer:","Of the thousands of enumerated ports, about 250 well-known ports are reserved by convention to identify specific service types on a host.",serious,wiki_qa,Q: how many ports are there in networking,805,-5.745321750640869
Tell me something:,My girlfriend might be a cheater.. She's taking a trip to Bang-cock!!,humorous,joke,My girlfriend might be a cheater.. She's taking a trip to Bang-cock!!,413,4.015214443206787
Tell me something:,"Today I'm cancer free! And all the days before that, but it still counts.",humorous,joke,"Today I'm cancer free! And all the days before that, but it still counts.",491,5.321098327636719
Tell me something:,"I was surprised that my Christian clothing company is extremely popular with transvestites. As it turns out, they love Cross Dressing.",humorous,joke,"I was surprised that my Christian clothing company is extremely popular with transvestites. As it turns out, they love Cross Dressing.",343,3.050886392593384
"Question: where did the vietnamese settle in america

Answer:","More than sixty percent of Vietnamese Americans reside in the states of California , Texas , Washington , Florida , and Virginia .",serious,wiki_qa,Q: where did the vietnamese settle in america,769,-6.272581100463867
Tell me something:,Where does a salmon go to deposit a check? To the river bank!,humorous,joke,Where does a salmon go to deposit a check? To the river bank!,308,3.7428150177001953
"Question: what are a and r reps

Answer:",Artists and repertoire (A&R) is the division of a record label or music publishing company that is responsible for talent scouting and overseeing the artistic development of recording artists and/or songwriters.,serious,wiki_qa,Q: what are a and r reps,661,-6.511753559112549
Tell me something:,"A man is on trial for beating his wife with his guitar collection The judge asks, """"first offender""""? The man replies, """"No, first a Gibson; then a Fender.""""",humorous,joke,"A man is on trial for beating his wife with his guitar collection The judge asks, """"first offender""""? The man replies, """"No, first a Gibson; then a Fender.""""",130,5.121000289916992
"Question: who won the most nba championships

Answer:",Bill Russell won 11 championships with the Boston Celtics .,serious,wiki_qa,Q: who won the most nba championships,663,-4.388920783996582
"Question: how does a steam engine work

Answer:","Steam engines are external combustion engines , where the working fluid is separate from the combustion products.",serious,wiki_qa,Q: how does a steam engine work,871,-8.681014060974121
Tell me something:,If life gives you melons... You might be dyslexic,humorous,joke,If life gives you melons... You might be dyslexic,99,6.708107948303223
Tell me something:,Why do so many /r/thedonald users work in movie theaters? Because they're great at projecting.,humorous,joke,Why do so many /r/thedonald users work in movie theaters? Because they're great at projecting.,372,4.680839538574219
Tell me something:,Why was the guitar teacher arrested? For fingering a minor.,humorous,joke,Why was the guitar teacher arrested? For fingering a minor.,87,4.535730361938477
Tell me something:,I'm not saying she has daddy issues but she only fills out credit cards for the instant approval.,humorous,joke,I'm not saying she has daddy issues but she only fills out credit cards for the instant approval.,458,6.51522970199585
Tell me something:,"Treating women is like how you treat Pokemon found in the Safari Zone If you don't feed them and hit them with rocks with the exact right combination, they run away.",humorous,joke,"Treating women is like how you treat Pokemon found in the Safari Zone If you don't feed them and hit them with rocks with the exact right combination, they run away.",330,5.382073879241943
Tell me something:,"Library joke A guy goes to the library and says, """"I want a book on suicide."""" The librarian says, """"Fuck you, you won't bring it back!""""",humorous,joke,"Library joke A guy goes to the library and says, """"I want a book on suicide."""" The librarian says, """"Fuck you, you won't bring it back!""""",214,8.032027244567871
Tell me something:,"[META] Ever since the sub returned, it's become a hive of circlejerking, reposts, and bad quality. I'm so happy things were able to stay the same.",humorous,joke,"[META] Ever since the sub returned, it's become a hive of circlejerking, reposts, and bad quality. I'm so happy things were able to stay the same.",466,6.188085556030273
Tell me something:,I don't know why people say building a wall doesn't work The chinese did it 2000 years ago and they still don't have any mexicans.,humorous,joke,I don't know why people say building a wall doesn't work The chinese did it 2000 years ago and they still don't have any mexicans.,121,3.7132327556610107
"Question: who wrote serenity prayer

Answer:",The Serenity Prayer is the common name for an originally untitled prayer by the American theologian Reinhold Niebuhr (1892–1971).,serious,wiki_qa,Q: who wrote serenity prayer,614,-3.647366523742676
Tell me something:,"I tried phone sex last night Safe to say, I would prefer if you didn't call me during working hours until it goes flat.",humorous,joke,"I tried phone sex last night Safe to say, I would prefer if you didn't call me during working hours until it goes flat.",20,7.383637428283691
"Question: who hit the first home run at riverfront stadium?

Answer:","On June 30, 1970, the Reds hosted the Atlanta Braves in their grand opening, with Hank Aaron hitting the first ever home run at Riverfront.",serious,wiki_qa,Q: who hit the first home run at riverfront stadium?,700,-1.5003505945205688
Tell me something:,"Doctor: """"The CAT scan results are in and they have confirmed my suspicions."""" Me: """"Okay, I'm ready."""" Doctor: """"You're not a cat.""""",humorous,joke,"Doctor: """"The CAT scan results are in and they have confirmed my suspicions."""" Me: """"Okay, I'm ready."""" Doctor: """"You're not a cat.""""",71,3.2953851222991943
Tell me something:,"If Jehovah's witnesses brought pizza and beer with them, I'd gladly let them in to spend an afternoon chatting about religion.",humorous,joke,"If Jehovah's witnesses brought pizza and beer with them, I'd gladly let them in to spend an afternoon chatting about religion.",106,4.587291717529297
Tell me something:,I hate watching termites. They're boring.,humorous,joke,I hate watching termites. They're boring.,270,5.867696762084961
"Question: how many pawns in chess

Answer:","In chess, each player begins the game with eight pawns, one on each square of the rank immediately in front of the other pieces.",serious,wiki_qa,Q: how many pawns in chess,860,-5.20896577835083
Tell me something:,What does sex have in common with a savings account? You lose interest once you make a withdrawal.,humorous,joke,What does sex have in common with a savings account? You lose interest once you make a withdrawal.,435,3.182377815246582
Tell me something:,There once was a zoo with only one animal... It was a Shih Tzu,humorous,joke,There once was a zoo with only one animal... It was a Shih Tzu,102,5.027472496032715
